cc;rsrp;pl;cfo;mcs;snr;turbo;brate
16.62;56.11;77.38;22.84;16.7;8.43;82.38;27.87
16.62;56.11;77.38;22.84;16.7;8.43;82.38;27.87
16.62;56.11;77.38;22.84;16.7;8.43;82.38;27.87
16.62;56.11;77.38;22.84;16.7;8.43;82.38;27.87
16.62;56.11;77.38;22.84;16.7;8.43;82.38;27.87
16.62;56.11;77.38;22.84;16.7;8.43;82.38;27.87
16.62;56.11;77.38;22.84;16.7;8.43;82.38;27.87
16.62;56.11;77.38;22.84;16.7;8.43;82.38;27.87
16.62;56.11;77.38;22.84;16.7;8.43;82.38;27.87
16.62;56.11;77.38;22.84;16.7;8.43;82.38;27.87
cc;rsrp;pl;cfo;mcs;snr;turbo;brate
53.52;46.56;45.82;2.11;9.23;53.96;85.14;62.27
53.52;46.56;45.82;2.11;9.23;53.96;85.14;62.27
53.52;46.56;45.82;2.11;9.23;53.96;85.14;62.27
53.52;46.56;45.82;2.11;9.23;53.96;85.14;62.27
53.52;46.56;45.82;2.11;9.23;53.96;85.14;62.27
53.52;46.56;45.82;2.11;9.23;53.96;85.14;62.27
53.52;46.56;45.82;2.11;9.23;53.96;85.14;62.27
53.52;46.56;45.82;2.11;9.23;53.96;85.14;62.27
53.52;46.56;45.82;2.11;9.23;53.96;85.14;62.27
53.52;46.56;45.82;2.11;9.23;53.96;85.14;62.27
cc;rsrp;pl;cfo;mcs;snr;turbo;brate
52.95;29.26;21.34;37.24;30.64;93.26;36.86;32.52
52.95;29.26;21.34;37.24;30.64;93.26;36.86;32.52
52.95;29.26;21.34;37.24;30.64;93.26;36.86;32.52
52.95;29.26;21.34;37.24;30.64;93.26;36.86;32.52
52.95;29.26;21.34;37.24;30.64;93.26;36.86;32.52
52.95;29.26;21.34;37.24;30.64;93.26;36.86;32.52
52.95;29.26;21.34;37.24;30.64;93.26;36.86;32.52
52.95;29.26;21.34;37.24;30.64;93.26;36.86;32.52
52.95;29.26;21.34;37.24;30.64;93.26;36.86;32.52
52.95;29.26;21.34;37.24;30.64;93.26;36.86;32.52
cc;rsrp;pl;cfo;mcs;snr;turbo;brate
75.76;28.43;6.28;79.9;87.59;46.38;70.74;66.85
75.76;28.43;6.28;79.9;87.59;46.38;70.74;66.85
75.76;28.43;6.28;79.9;87.59;46.38;70.74;66.85
75.76;28.43;6.28;79.9;87.59;46.38;70.74;66.85
75.76;28.43;6.28;79.9;87.59;46.38;70.74;66.85
75.76;28.43;6.28;79.9;87.59;46.38;70.74;66.85
75.76;28.43;6.28;79.9;87.59;46.38;70.74;66.85
75.76;28.43;6.28;79.9;87.59;46.38;70.74;66.85
75.76;28.43;6.28;79.9;87.59;46.38;70.74;66.85
75.76;28.43;6.28;79.9;87.59;46.38;70.74;66.85
cc;rsrp;pl;cfo;mcs;snr;turbo;brate
79.3;78.83;84.24;87.39;6.48;63.26;39.55;9.24
79.3;78.83;84.24;87.39;6.48;63.26;39.55;9.24
79.3;78.83;84.24;87.39;6.48;63.26;39.55;9.24
79.3;78.83;84.24;87.39;6.48;63.26;39.55;9.24
79.3;78.83;84.24;87.39;6.48;63.26;39.55;9.24
79.3;78.83;84.24;87.39;6.48;63.26;39.55;9.24
79.3;78.83;84.24;87.39;6.48;63.26;39.55;9.24
79.3;78.83;84.24;87.39;6.48;63.26;39.55;9.24
79.3;78.83;84.24;87.39;6.48;63.26;39.55;9.24
79.3;78.83;84.24;87.39;6.48;63.26;39.55;9.24
cc;rsrp;pl;cfo;mcs;snr;turbo;brate
43.31;64.88;73.97;3.22;55.22;26.46;9.70;20.66
43.31;64.88;73.97;3.22;55.22;26.46;9.70;20.66
43.31;64.88;73.97;3.22;55.22;26.46;9.70;20.66
43.31;64.88;73.97;3.22;55.22;26.46;9.70;20.66
43.31;64.88;73.97;3.22;55.22;26.46;9.70;20.66
43.31;64.88;73.97;3.22;55.22;26.46;9.70;20.66
43.31;64.88;73.97;3.22;55.22;26.46;9.70;20.66
43.31;64.88;73.97;3.22;55.22;26.46;9.70;20.66
43.31;64.88;73.97;3.22;55.22;26.46;9.70;20.66
43.31;64.88;73.97;3.22;55.22;26.46;9.70;20.66
cc;rsrp;pl;cfo;mcs;snr;turbo;brate
50.20;17.67;46.75;71.34;32.51;86.20;85.28;62.96
50.20;17.67;46.75;71.34;32.51;86.20;85.28;62.96
50.20;17.67;46.75;71.34;32.51;86.20;85.28;62.96
50.20;17.67;46.75;71.34;32.51;86.20;85.28;62.96
50.20;17.67;46.75;71.34;32.51;86.20;85.28;62.96
50.20;17.67;46.75;71.34;32.51;86.20;85.28;62.96
50.20;17.67;46.75;71.34;32.51;86.20;85.28;62.96
50.20;17.67;46.75;71.34;32.51;86.20;85.28;62.96
50.20;17.67;46.75;71.34;32.51;86.20;85.28;62.96
50.20;17.67;46.75;71.34;32.51;86.20;85.28;62.96
cc;rsrp;pl;cfo;mcs;snr;turbo;brate
62.20;4.22;82.76;22.79;82.22;60.83;28.9;18.6
62.20;4.22;82.76;22.79;82.22;60.83;28.9;18.6
62.20;4.22;82.76;22.79;82.22;60.83;28.9;18.6
62.20;4.22;82.76;22.79;82.22;60.83;28.9;18.6
62.20;4.22;82.76;22.79;82.22;60.83;28.9;18.6
62.20;4.22;82.76;22.79;82.22;60.83;28.9;18.6
62.20;4.22;82.76;22.79;82.22;60.83;28.9;18.6
62.20;4.22;82.76;22.79;82.22;60.83;28.9;18.6
62.20;4.22;82.76;22.79;82.22;60.83;28.9;18.6
62.20;4.22;82.76;22.79;82.22;60.83;28.9;18.6
cc;rsrp;pl;cfo;mcs;snr;turbo;brate
24.67;63.48;8.57;94.51;19.35;70.36;88.76;63.38
24.67;63.48;8.57;94.51;19.35;70.36;88.76;63.38
24.67;63.48;8.57;94.51;19.35;70.36;88.76;63.38
24.67;63.48;8.57;94.51;19.35;70.36;88.76;63.38
24.67;63.48;8.57;94.51;19.35;70.36;88.76;63.38
24.67;63.48;8.57;94.51;19.35;70.36;88.76;63.38
24.67;63.48;8.57;94.51;19.35;70.36;88.76;63.38
24.67;63.48;8.57;94.51;19.35;70.36;88.76;63.38
24.67;63.48;8.57;94.51;19.35;70.36;88.76;63.38
24.67;63.48;8.57;94.51;19.35;70.36;88.76;63.38
cc;rsrp;pl;cfo;mcs;snr;turbo;brate
79.98;20.81;30.65;95.52;61.13;9.61;47.12;2.86
79.98;20.81;30.65;95.52;61.13;9.61;47.12;2.86
79.98;20.81;30.65;95.52;61.13;9.61;47.12;2.86
79.98;20.81;30.65;95.52;61.13;9.61;47.12;2.86
79.98;20.81;30.65;95.52;61.13;9.61;47.12;2.86
79.98;20.81;30.65;95.52;61.13;9.61;47.12;2.86
79.98;20.81;30.65;95.52;61.13;9.61;47.12;2.86
79.98;20.81;30.65;95.52;61.13;9.61;47.12;2.86
79.98;20.81;30.65;95.52;61.13;9.61;47.12;2.86
79.98;20.81;30.65;95.52;61.13;9.61;47.12;2.86
cc;rsrp;pl;cfo;mcs;snr;turbo;brate
59.49;62.24;71.34;5.89;86.51;43.51;52.63;49.7
59.49;62.24;71.34;5.89;86.51;43.51;52.63;49.7
59.49;62.24;71.34;5.89;86.51;43.51;52.63;49.7
59.49;62.24;71.34;5.89;86.51;43.51;52.63;49.7
59.49;62.24;71.34;5.89;86.51;43.51;52.63;49.7
59.49;62.24;71.34;5.89;86.51;43.51;52.63;49.7
59.49;62.24;71.34;5.89;86.51;43.51;52.63;49.7
59.49;62.24;71.34;5.89;86.51;43.51;52.63;49.7
59.49;62.24;71.34;5.89;86.51;43.51;52.63;49.7
59.49;62.24;71.34;5.89;86.51;43.51;52.63;49.7
cc;rsrp;pl;cfo;mcs;snr;turbo;brate
50.54;92.91;94.90;35.49;7.65;95.96;32.95;44.32
50.54;92.91;94.90;35.49;7.65;95.96;32.95;44.32
50.54;92.91;94.90;35.49;7.65;95.96;32.95;44.32
50.54;92.91;94.90;35.49;7.65;95.96;32.95;44.32
50.54;92.91;94.90;35.49;7.65;95.96;32.95;44.32
50.54;92.91;94.90;35.49;7.65;95.96;32.95;44.32
50.54;92.91;94.90;35.49;7.65;95.96;32.95;44.32
50.54;92.91;94.90;35.49;7.65;95.96;32.95;44.32
50.54;92.91;94.90;35.49;7.65;95.96;32.95;44.32
50.54;92.91;94.90;35.49;7.65;95.96;32.95;44.32
cc;rsrp;pl;cfo;mcs;snr;turbo;brate
19.55;67.11;31.85;41.63;66.90;66.91;11.1;19.69
19.55;67.11;31.85;41.63;66.90;66.91;11.1;19.69
19.55;67.11;31.85;41.63;66.90;66.91;11.1;19.69
19.55;67.11;31.85;41.63;66.90;66.91;11.1;19.69
19.55;67.11;31.85;41.63;66.90;66.91;11.1;19.69
19.55;67.11;31.85;41.63;66.90;66.91;11.1;19.69
19.55;67.11;31.85;41.63;66.90;66.91;11.1;19.69
19.55;67.11;31.85;41.63;66.90;66.91;11.1;19.69
19.55;67.11;31.85;41.63;66.90;66.91;11.1;19.69
19.55;67.11;31.85;41.63;66.90;66.91;11.1;19.69
cc;rsrp;pl;cfo;mcs;snr;turbo;brate
85.50;15.59;33.56;57.36;15.87;99.90;50.49;45.67
85.50;15.59;33.56;57.36;15.87;99.90;50.49;45.67
85.50;15.59;33.56;57.36;15.87;99.90;50.49;45.67
85.50;15.59;33.56;57.36;15.87;99.90;50.49;45.67
85.50;15.59;33.56;57.36;15.87;99.90;50.49;45.67
85.50;15.59;33.56;57.36;15.87;99.90;50.49;45.67
85.50;15.59;33.56;57.36;15.87;99.90;50.49;45.67
85.50;15.59;33.56;57.36;15.87;99.90;50.49;45.67
85.50;15.59;33.56;57.36;15.87;99.90;50.49;45.67
85.50;15.59;33.56;57.36;15.87;99.90;50.49;45.67
cc;rsrp;pl;cfo;mcs;snr;turbo;brate
59.30;10.25;67.43;10.20;68.56;30.95;83.29;39.79
59.30;10.25;67.43;10.20;68.56;30.95;83.29;39.79
59.30;10.25;67.43;10.20;68.56;30.95;83.29;39.79
59.30;10.25;67.43;10.20;68.56;30.95;83.29;39.79
59.30;10.25;67.43;10.20;68.56;30.95;83.29;39.79
59.30;10.25;67.43;10.20;68.56;30.95;83.29;39.79
59.30;10.25;67.43;10.20;68.56;30.95;83.29;39.79
59.30;10.25;67.43;10.20;68.56;30.95;83.29;39.79
59.30;10.25;67.43;10.20;68.56;30.95;83.29;39.79
59.30;10.25;67.43;10.20;68.56;30.95;83.29;39.79
cc;rsrp;pl;cfo;mcs;snr;turbo;brate
38.41;28.88;46.21;19.31;81.76;78.89;57.92;80.20
38.41;28.88;46.21;19.31;81.76;78.89;57.92;80.20
38.41;28.88;46.21;19.31;81.76;78.89;57.92;80.20
38.41;28.88;46.21;19.31;81.76;78.89;57.92;80.20
38.41;28.88;46.21;19.31;81.76;78.89;57.92;80.20
38.41;28.88;46.21;19.31;81.76;78.89;57.92;80.20
38.41;28.88;46.21;19.31;81.76;78.89;57.92;80.20
38.41;28.88;46.21;19.31;81.76;78.89;57.92;80.20
38.41;28.88;46.21;19.31;81.76;78.89;57.92;80.20
38.41;28.88;46.21;19.31;81.76;78.89;57.92;80.20
cc;rsrp;pl;cfo;mcs;snr;turbo;brate
18.90;7.11;71.27;41.7;69.7;54.49;48.0;86.3
18.90;7.11;71.27;41.7;69.7;54.49;48.0;86.3
18.90;7.11;71.27;41.7;69.7;54.49;48.0;86.3
18.90;7.11;71.27;41.7;69.7;54.49;48.0;86.3
18.90;7.11;71.27;41.7;69.7;54.49;48.0;86.3
18.90;7.11;71.27;41.7;69.7;54.49;48.0;86.3
18.90;7.11;71.27;41.7;69.7;54.49;48.0;86.3
18.90;7.11;71.27;41.7;69.7;54.49;48.0;86.3
18.90;7.11;71.27;41.7;69.7;54.49;48.0;86.3
18.90;7.11;71.27;41.7;69.7;54.49;48.0;86.3
cc;rsrp;pl;cfo;mcs;snr;turbo;brate
89.11;82.74;10.38;18.10;96.42;45.61;7.83;16.69
89.11;82.74;10.38;18.10;96.42;45.61;7.83;16.69
89.11;82.74;10.38;18.10;96.42;45.61;7.83;16.69
89.11;82.74;10.38;18.10;96.42;45.61;7.83;16.69
89.11;82.74;10.38;18.10;96.42;45.61;7.83;16.69
89.11;82.74;10.38;18.10;96.42;45.61;7.83;16.69
89.11;82.74;10.38;18.10;96.42;45.61;7.83;16.69
89.11;82.74;10.38;18.10;96.42;45.61;7.83;16.69
89.11;82.74;10.38;18.10;96.42;45.61;7.83;16.69
89.11;82.74;10.38;18.10;96.42;45.61;7.83;16.69
cc;rsrp;pl;cfo;mcs;snr;turbo;brate
32.29;72.26;55.45;5.55;88.15;96.59;73.78;13.36
32.29;72.26;55.45;5.55;88.15;96.59;73.78;13.36
32.29;72.26;55.45;5.55;88.15;96.59;73.78;13.36
32.29;72.26;55.45;5.55;88.15;96.59;73.78;13.36
32.29;72.26;55.45;5.55;88.15;96.59;73.78;13.36
32.29;72.26;55.45;5.55;88.15;96.59;73.78;13.36
32.29;72.26;55.45;5.55;88.15;96.59;73.78;13.36
32.29;72.26;55.45;5.55;88.15;96.59;73.78;13.36
32.29;72.26;55.45;5.55;88.15;96.59;73.78;13.36
32.29;72.26;55.45;5.55;88.15;96.59;73.78;13.36
cc;rsrp;pl;cfo;mcs;snr;turbo;brate
93.36;6.0;75.69;76.87;4.55;62.64;68.65;97.31
93.36;6.0;75.69;76.87;4.55;62.64;68.65;97.31
93.36;6.0;75.69;76.87;4.55;62.64;68.65;97.31
93.36;6.0;75.69;76.87;4.55;62.64;68.65;97.31
93.36;6.0;75.69;76.87;4.55;62.64;68.65;97.31
93.36;6.0;75.69;76.87;4.55;62.64;68.65;97.31
93.36;6.0;75.69;76.87;4.55;62.64;68.65;97.31
93.36;6.0;75.69;76.87;4.55;62.64;68.65;97.31
93.36;6.0;75.69;76.87;4.55;62.64;68.65;97.31
93.36;6.0;75.69;76.87;4.55;62.64;68.65;97.31
cc;rsrp;pl;cfo;mcs;snr;turbo;brate
52.16;85.0;88.40;72.68;10.54;66.59;7.84;67.31
52.16;85.0;88.40;72.68;10.54;66.59;7.84;67.31
52.16;85.0;88.40;72.68;10.54;66.59;7.84;67.31
52.16;85.0;88.40;72.68;10.54;66.59;7.84;67.31
52.16;85.0;88.40;72.68;10.54;66.59;7.84;67.31
52.16;85.0;88.40;72.68;10.54;66.59;7.84;67.31
52.16;85.0;88.40;72.68;10.54;66.59;7.84;67.31
52.16;85.0;88.40;72.68;10.54;66.59;7.84;67.31
52.16;85.0;88.40;72.68;10.54;66.59;7.84;67.31
52.16;85.0;88.40;72.68;10.54;66.59;7.84;67.31
cc;rsrp;pl;cfo;mcs;snr;turbo;brate
95.8;32.57;60.77;44.17;81.84;88.47;78.56;55.96
95.8;32.57;60.77;44.17;81.84;88.47;78.56;55.96
95.8;32.57;60.77;44.17;81.84;88.47;78.56;55.96
95.8;32.57;60.77;44.17;81.84;88.47;78.56;55.96
95.8;32.57;60.77;44.17;81.84;88.47;78.56;55.96
95.8;32.57;60.77;44.17;81.84;88.47;78.56;55.96
95.8;32.57;60.77;44.17;81.84;88.47;78.56;55.96
95.8;32.57;60.77;44.17;81.84;88.47;78.56;55.96
95.8;32.57;60.77;44.17;81.84;88.47;78.56;55.96
95.8;32.57;60.77;44.17;81.84;88.47;78.56;55.96
cc;rsrp;pl;cfo;mcs;snr;turbo;brate
30.56;42.63;91.53;92.85;11.13;26.57;11.86;87.44
30.56;42.63;91.53;92.85;11.13;26.57;11.86;87.44
30.56;42.63;91.53;92.85;11.13;26.57;11.86;87.44
30.56;42.63;91.53;92.85;11.13;26.57;11.86;87.44
30.56;42.63;91.53;92.85;11.13;26.57;11.86;87.44
30.56;42.63;91.53;92.85;11.13;26.57;11.86;87.44
30.56;42.63;91.53;92.85;11.13;26.57;11.86;87.44
30.56;42.63;91.53;92.85;11.13;26.57;11.86;87.44
30.56;42.63;91.53;92.85;11.13;26.57;11.86;87.44
30.56;42.63;91.53;92.85;11.13;26.57;11.86;87.44
cc;rsrp;pl;cfo;mcs;snr;turbo;brate
5.94;32.8;76.60;90.88;71.62;94.4;64.65;74.16
5.94;32.8;76.60;90.88;71.62;94.4;64.65;74.16
5.94;32.8;76.60;90.88;71.62;94.4;64.65;74.16
5.94;32.8;76.60;90.88;71.62;94.4;64.65;74.16
5.94;32.8;76.60;90.88;71.62;94.4;64.65;74.16
5.94;32.8;76.60;90.88;71.62;94.4;64.65;74.16
5.94;32.8;76.60;90.88;71.62;94.4;64.65;74.16
5.94;32.8;76.60;90.88;71.62;94.4;64.65;74.16
5.94;32.8;76.60;90.88;71.62;94.4;64.65;74.16
5.94;32.8;76.60;90.88;71.62;94.4;64.65;74.16
cc;rsrp;pl;cfo;mcs;snr;turbo;brate
1.29;52.15;56.83;24.22;86.77;97.13;63.70;37.69
1.29;52.15;56.83;24.22;86.77;97.13;63.70;37.69
1.29;52.15;56.83;24.22;86.77;97.13;63.70;37.69
1.29;52.15;56.83;24.22;86.77;97.13;63.70;37.69
1.29;52.15;56.83;24.22;86.77;97.13;63.70;37.69
1.29;52.15;56.83;24.22;86.77;97.13;63.70;37.69
1.29;52.15;56.83;24.22;86.77;97.13;63.70;37.69
1.29;52.15;56.83;24.22;86.77;97.13;63.70;37.69
1.29;52.15;56.83;24.22;86.77;97.13;63.70;37.69
1.29;52.15;56.83;24.22;86.77;97.13;63.70;37.69
cc;rsrp;pl;cfo;mcs;snr;turbo;brate
80.8;46.77;17.66;27.62;69.81;94.39;51.18;2.21
80.8;46.77;17.66;27.62;69.81;94.39;51.18;2.21
80.8;46.77;17.66;27.62;69.81;94.39;51.18;2.21
80.8;46.77;17.66;27.62;69.81;94.39;51.18;2.21
80.8;46.77;17.66;27.62;69.81;94.39;51.18;2.21
80.8;46.77;17.66;27.62;69.81;94.39;51.18;2.21
80.8;46.77;17.66;27.62;69.81;94.39;51.18;2.21
80.8;46.77;17.66;27.62;69.81;94.39;51.18;2.21
80.8;46.77;17.66;27.62;69.81;94.39;51.18;2.21
80.8;46.77;17.66;27.62;69.81;94.39;51.18;2.21
cc;rsrp;pl;cfo;mcs;snr;turbo;brate
18.25;39.76;14.81;40.53;67.64;7.96;72.91;61.40
18.25;39.76;14.81;40.53;67.64;7.96;72.91;61.40
18.25;39.76;14.81;40.53;67.64;7.96;72.91;61.40
18.25;39.76;14.81;40.53;67.64;7.96;72.91;61.40
18.25;39.76;14.81;40.53;67.64;7.96;72.91;61.40
18.25;39.76;14.81;40.53;67.64;7.96;72.91;61.40
18.25;39.76;14.81;40.53;67.64;7.96;72.91;61.40
18.25;39.76;14.81;40.53;67.64;7.96;72.91;61.40
18.25;39.76;14.81;40.53;67.64;7.96;72.91;61.40
18.25;39.76;14.81;40.53;67.64;7.96;72.91;61.40
cc;rsrp;pl;cfo;mcs;snr;turbo;brate
80.48;54.27;32.92;56.3;1.81;85.44;84.72;3.65
80.48;54.27;32.92;56.3;1.81;85.44;84.72;3.65
80.48;54.27;32.92;56.3;1.81;85.44;84.72;3.65
80.48;54.27;32.92;56.3;1.81;85.44;84.72;3.65
80.48;54.27;32.92;56.3;1.81;85.44;84.72;3.65
80.48;54.27;32.92;56.3;1.81;85.44;84.72;3.65
80.48;54.27;32.92;56.3;1.81;85.44;84.72;3.65
80.48;54.27;32.92;56.3;1.81;85.44;84.72;3.65
80.48;54.27;32.92;56.3;1.81;85.44;84.72;3.65
80.48;54.27;32.92;56.3;1.81;85.44;84.72;3.65
cc;rsrp;pl;cfo;mcs;snr;turbo;brate
29.56;24.3;19.63;75.24;11.30;99.55;15.23;80.38
29.56;24.3;19.63;75.24;11.30;99.55;15.23;80.38
29.56;24.3;19.63;75.24;11.30;99.55;15.23;80.38
29.56;24.3;19.63;75.24;11.30;99.55;15.23;80.38
29.56;24.3;19.63;75.24;11.30;99.55;15.23;80.38
29.56;24.3;19.63;75.24;11.30;99.55;15.23;80.38
29.56;24.3;19.63;75.24;11.30;99.55;15.23;80.38
29.56;24.3;19.63;75.24;11.30;99.55;15.23;80.38
29.56;24.3;19.63;75.24;11.30;99.55;15.23;80.38
29.56;24.3;19.63;75.24;11.30;99.55;15.23;80.38
cc;rsrp;pl;cfo;mcs;snr;turbo;brate
54.7;11.1;61.82;35.64;57.40;24.10;83.31;20.22
54.7;11.1;61.82;35.64;57.40;24.10;83.31;20.22
54.7;11.1;61.82;35.64;57.40;24.10;83.31;20.22
54.7;11.1;61.82;35.64;57.40;24.10;83.31;20.22
54.7;11.1;61.82;35.64;57.40;24.10;83.31;20.22
54.7;11.1;61.82;35.64;57.40;24.10;83.31;20.22
54.7;11.1;61.82;35.64;57.40;24.10;83.31;20.22
54.7;11.1;61.82;35.64;57.40;24.10;83.31;20.22
54.7;11.1;61.82;35.64;57.40;24.10;83.31;20.22
54.7;11.1;61.82;35.64;57.40;24.10;83.31;20.22
cc;rsrp;pl;cfo;mcs;snr;turbo;brate
11.57;39.89;58.34;84.95;62.62;33.68;55.46;84.21
11.57;39.89;58.34;84.95;62.62;33.68;55.46;84.21
11.57;39.89;58.34;84.95;62.62;33.68;55.46;84.21
11.57;39.89;58.34;84.95;62.62;33.68;55.46;84.21
11.57;39.89;58.34;84.95;62.62;33.68;55.46;84.21
11.57;39.89;58.34;84.95;62.62;33.68;55.46;84.21
11.57;39.89;58.34;84.95;62.62;33.68;55.46;84.21
11.57;39.89;58.34;84.95;62.62;33.68;55.46;84.21
11.57;39.89;58.34;84.95;62.62;33.68;55.46;84.21
11.57;39.89;58.34;84.95;62.62;33.68;55.46;84.21
cc;rsrp;pl;cfo;mcs;snr;turbo;brate
91.86;98.5;53.11;48.94;26.14;96.67;21.24;58.56
91.86;98.5;53.11;48.94;26.14;96.67;21.24;58.56
91.86;98.5;53.11;48.94;26.14;96.67;21.24;58.56
91.86;98.5;53.11;48.94;26.14;96.67;21.24;58.56
91.86;98.5;53.11;48.94;26.14;96.67;21.24;58.56
91.86;98.5;53.11;48.94;26.14;96.67;21.24;58.56
91.86;98.5;53.11;48.94;26.14;96.67;21.24;58.56
91.86;98.5;53.11;48.94;26.14;96.67;21.24;58.56
91.86;98.5;53.11;48.94;26.14;96.67;21.24;58.56
91.86;98.5;53.11;48.94;26.14;96.67;21.24;58.56
cc;rsrp;pl;cfo;mcs;snr;turbo;brate
23.85;63.41;21.26;15.40;72.3;42.45;17.78;89.54
23.85;63.41;21.26;15.40;72.3;42.45;17.78;89.54
23.85;63.41;21.26;15.40;72.3;42.45;17.78;89.54
23.85;63.41;21.26;15.40;72.3;42.45;17.78;89.54
23.85;63.41;21.26;15.40;72.3;42.45;17.78;89.54
23.85;63.41;21.26;15.40;72.3;42.45;17.78;89.54
23.85;63.41;21.26;15.40;72.3;42.45;17.78;89.54
23.85;63.41;21.26;15.40;72.3;42.45;17.78;89.54
23.85;63.41;21.26;15.40;72.3;42.45;17.78;89.54
23.85;63.41;21.26;15.40;72.3;42.45;17.78;89.54
cc;rsrp;pl;cfo;mcs;snr;turbo;brate
62.20;90.10;40.19;12.13;81.23;63.24;69.43;36.86
62.20;90.10;40.19;12.13;81.23;63.24;69.43;36.86
62.20;90.10;40.19;12.13;81.23;63.24;69.43;36.86
62.20;90.10;40.19;12.13;81.23;63.24;69.43;36.86
62.20;90.10;40.19;12.13;81.23;63.24;69.43;36.86
62.20;90.10;40.19;12.13;81.23;63.24;69.43;36.86
62.20;90.10;40.19;12.13;81.23;63.24;69.43;36.86
62.20;90.10;40.19;12.13;81.23;63.24;69.43;36.86
62.20;90.10;40.19;12.13;81.23;63.24;69.43;36.86
62.20;90.10;40.19;12.13;81.23;63.24;69.43;36.86
cc;rsrp;pl;cfo;mcs;snr;turbo;brate
17.21;5.81;90.29;28.29;44.18;3.20;78.84;77.52
17.21;5.81;90.29;28.29;44.18;3.20;78.84;77.52
17.21;5.81;90.29;28.29;44.18;3.20;78.84;77.52
17.21;5.81;90.29;28.29;44.18;3.20;78.84;77.52
17.21;5.81;90.29;28.29;44.18;3.20;78.84;77.52
17.21;5.81;90.29;28.29;44.18;3.20;78.84;77.52
17.21;5.81;90.29;28.29;44.18;3.20;78.84;77.52
17.21;5.81;90.29;28.29;44.18;3.20;78.84;77.52
17.21;5.81;90.29;28.29;44.18;3.20;78.84;77.52
17.21;5.81;90.29;28.29;44.18;3.20;78.84;77.52
cc;rsrp;pl;cfo;mcs;snr;turbo;brate
48.45;99.9;27.0;77.64;49.75;26.11;98.18;86.5
48.45;99.9;27.0;77.64;49.75;26.11;98.18;86.5
48.45;99.9;27.0;77.64;49.75;26.11;98.18;86.5
48.45;99.9;27.0;77.64;49.75;26.11;98.18;86.5
48.45;99.9;27.0;77.64;49.75;26.11;98.18;86.5
48.45;99.9;27.0;77.64;49.75;26.11;98.18;86.5
48.45;99.9;27.0;77.64;49.75;26.11;98.18;86.5
48.45;99.9;27.0;77.64;49.75;26.11;98.18;86.5
48.45;99.9;27.0;77.64;49.75;26.11;98.18;86.5
48.45;99.9;27.0;77.64;49.75;26.11;98.18;86.5
cc;rsrp;pl;cfo;mcs;snr;turbo;brate
56.84;23.34;94.32;96.39;33.7;15.2;74.56;18.50
56.84;23.34;94.32;96.39;33.7;15.2;74.56;18.50
56.84;23.34;94.32;96.39;33.7;15.2;74.56;18.50
56.84;23.34;94.32;96.39;33.7;15.2;74.56;18.50
56.84;23.34;94.32;96.39;33.7;15.2;74.56;18.50
56.84;23.34;94.32;96.39;33.7;15.2;74.56;18.50
56.84;23.34;94.32;96.39;33.7;15.2;74.56;18.50
56.84;23.34;94.32;96.39;33.7;15.2;74.56;18.50
56.84;23.34;94.32;96.39;33.7;15.2;74.56;18.50
56.84;23.34;94.32;96.39;33.7;15.2;74.56;18.50
cc;rsrp;pl;cfo;mcs;snr;turbo;brate
50.86;65.13;17.9;36.33;60.5;26.94;25.11;92.81
50.86;65.13;17.9;36.33;60.5;26.94;25.11;92.81
50.86;65.13;17.9;36.33;60.5;26.94;25.11;92.81
50.86;65.13;17.9;36.33;60.5;26.94;25.11;92.81
50.86;65.13;17.9;36.33;60.5;26.94;25.11;92.81
50.86;65.13;17.9;36.33;60.5;26.94;25.11;92.81
50.86;65.13;17.9;36.33;60.5;26.94;25.11;92.81
50.86;65.13;17.9;36.33;60.5;26.94;25.11;92.81
50.86;65.13;17.9;36.33;60.5;26.94;25.11;92.81
50.86;65.13;17.9;36.33;60.5;26.94;25.11;92.81
cc;rsrp;pl;cfo;mcs;snr;turbo;brate
44.37;73.70;51.90;26.88;29.95;85.5;40.42;13.36
44.37;73.70;51.90;26.88;29.95;85.5;40.42;13.36
44.37;73.70;51.90;26.88;29.95;85.5;40.42;13.36
44.37;73.70;51.90;26.88;29.95;85.5;40.42;13.36
44.37;73.70;51.90;26.88;29.95;85.5;40.42;13.36
44.37;73.70;51.90;26.88;29.95;85.5;40.42;13.36
44.37;73.70;51.90;26.88;29.95;85.5;40.42;13.36
44.37;73.70;51.90;26.88;29.95;85.5;40.42;13.36
44.37;73.70;51.90;26.88;29.95;85.5;40.42;13.36
44.37;73.70;51.90;26.88;29.95;85.5;40.42;13.36
cc;rsrp;pl;cfo;mcs;snr;turbo;brate
74.12;47.5;39.64;73.90;55.70;95.21;70.83;40.34
74.12;47.5;39.64;73.90;55.70;95.21;70.83;40.34
74.12;47.5;39.64;73.90;55.70;95.21;70.83;40.34
74.12;47.5;39.64;73.90;55.70;95.21;70.83;40.34
74.12;47.5;39.64;73.90;55.70;95.21;70.83;40.34
74.12;47.5;39.64;73.90;55.70;95.21;70.83;40.34
74.12;47.5;39.64;73.90;55.70;95.21;70.83;40.34
74.12;47.5;39.64;73.90;55.70;95.21;70.83;40.34
74.12;47.5;39.64;73.90;55.70;95.21;70.83;40.34
74.12;47.5;39.64;73.90;55.70;95.21;70.83;40.34
cc;rsrp;pl;cfo;mcs;snr;turbo;brate
36.11;55.49;67.11;7.40;0.40;54.47;65.68;25.83
36.11;55.49;67.11;7.40;0.40;54.47;65.68;25.83
36.11;55.49;67.11;7.40;0.40;54.47;65.68;25.83
36.11;55.49;67.11;7.40;0.40;54.47;65.68;25.83
36.11;55.49;67.11;7.40;0.40;54.47;65.68;25.83
36.11;55.49;67.11;7.40;0.40;54.47;65.68;25.83
36.11;55.49;67.11;7.40;0.40;54.47;65.68;25.83
36.11;55.49;67.11;7.40;0.40;54.47;65.68;25.83
36.11;55.49;67.11;7.40;0.40;54.47;65.68;25.83
36.11;55.49;67.11;7.40;0.40;54.47;65.68;25.83
cc;rsrp;pl;cfo;mcs;snr;turbo;brate
64.65;39.88;20.35;49.92;32.74;1.87;5.54;21.37
64.65;39.88;20.35;49.92;32.74;1.87;5.54;21.37
64.65;39.88;20.35;49.92;32.74;1.87;5.54;21.37
64.65;39.88;20.35;49.92;32.74;1.87;5.54;21.37
64.65;39.88;20.35;49.92;32.74;1.87;5.54;21.37
64.65;39.88;20.35;49.92;32.74;1.87;5.54;21.37
64.65;39.88;20.35;49.92;32.74;1.87;5.54;21.37
64.65;39.88;20.35;49.92;32.74;1.87;5.54;21.37
64.65;39.88;20.35;49.92;32.74;1.87;5.54;21.37
64.65;39.88;20.35;49.92;32.74;1.87;5.54;21.37
cc;rsrp;pl;cfo;mcs;snr;turbo;brate
44.29;49.77;77.14;18.80;48.49;21.54;76.48;99.59
44.29;49.77;77.14;18.80;48.49;21.54;76.48;99.59
44.29;49.77;77.14;18.80;48.49;21.54;76.48;99.59
44.29;49.77;77.14;18.80;48.49;21.54;76.48;99.59
44.29;49.77;77.14;18.80;48.49;21.54;76.48;99.59
44.29;49.77;77.14;18.80;48.49;21.54;76.48;99.59
44.29;49.77;77.14;18.80;48.49;21.54;76.48;99.59
44.29;49.77;77.14;18.80;48.49;21.54;76.48;99.59
44.29;49.77;77.14;18.80;48.49;21.54;76.48;99.59
44.29;49.77;77.14;18.80;48.49;21.54;76.48;99.59
cc;rsrp;pl;cfo;mcs;snr;turbo;brate
56.26;44.75;61.3;95.55;86.90;21.58;77.93;48.35
56.26;44.75;61.3;95.55;86.90;21.58;77.93;48.35
56.26;44.75;61.3;95.55;86.90;21.58;77.93;48.35
56.26;44.75;61.3;95.55;86.90;21.58;77.93;48.35
56.26;44.75;61.3;95.55;86.90;21.58;77.93;48.35
56.26;44.75;61.3;95.55;86.90;21.58;77.93;48.35
56.26;44.75;61.3;95.55;86.90;21.58;77.93;48.35
56.26;44.75;61.3;95.55;86.90;21.58;77.93;48.35
56.26;44.75;61.3;95.55;86.90;21.58;77.93;48.35
56.26;44.75;61.3;95.55;86.90;21.58;77.93;48.35
cc;rsrp;pl;cfo;mcs;snr;turbo;brate
15.30;77.1;46.36;80.56;21.81;45.62;71.42;23.32
15.30;77.1;46.36;80.56;21.81;45.62;71.42;23.32
15.30;77.1;46.36;80.56;21.81;45.62;71.42;23.32
15.30;77.1;46.36;80.56;21.81;45.62;71.42;23.32
15.30;77.1;46.36;80.56;21.81;45.62;71.42;23.32
15.30;77.1;46.36;80.56;21.81;45.62;71.42;23.32
15.30;77.1;46.36;80.56;21.81;45.62;71.42;23.32
15.30;77.1;46.36;80.56;21.81;45.62;71.42;23.32
15.30;77.1;46.36;80.56;21.81;45.62;71.42;23.32
15.30;77.1;46.36;80.56;21.81;45.62;71.42;23.32
cc;rsrp;pl;cfo;mcs;snr;turbo;brate
59.29;44.55;40.63;45.7;88.88;7.81;96.7;74.34
59.29;44.55;40.63;45.7;88.88;7.81;96.7;74.34
59.29;44.55;40.63;45.7;88.88;7.81;96.7;74.34
59.29;44.55;40.63;45.7;88.88;7.81;96.7;74.34
59.29;44.55;40.63;45.7;88.88;7.81;96.7;74.34
59.29;44.55;40.63;45.7;88.88;7.81;96.7;74.34
59.29;44.55;40.63;45.7;88.88;7.81;96.7;74.34
59.29;44.55;40.63;45.7;88.88;7.81;96.7;74.34
59.29;44.55;40.63;45.7;88.88;7.81;96.7;74.34
59.29;44.55;40.63;45.7;88.88;7.81;96.7;74.34
cc;rsrp;pl;cfo;mcs;snr;turbo;brate
80.21;72.16;59.62;44.80;81.52;64.41;88.90;31.74
80.21;72.16;59.62;44.80;81.52;64.41;88.90;31.74
80.21;72.16;59.62;44.80;81.52;64.41;88.90;31.74
80.21;72.16;59.62;44.80;81.52;64.41;88.90;31.74
80.21;72.16;59.62;44.80;81.52;64.41;88.90;31.74
80.21;72.16;59.62;44.80;81.52;64.41;88.90;31.74
80.21;72.16;59.62;44.80;81.52;64.41;88.90;31.74
80.21;72.16;59.62;44.80;81.52;64.41;88.90;31.74
80.21;72.16;59.62;44.80;81.52;64.41;88.90;31.74
80.21;72.16;59.62;44.80;81.52;64.41;88.90;31.74
cc;rsrp;pl;cfo;mcs;snr;turbo;brate
23.38;98.82;42.78;48.39;85.44;83.79;8.60;16.69
23.38;98.82;42.78;48.39;85.44;83.79;8.60;16.69
23.38;98.82;42.78;48.39;85.44;83.79;8.60;16.69
23.38;98.82;42.78;48.39;85.44;83.79;8.60;16.69
23.38;98.82;42.78;48.39;85.44;83.79;8.60;16.69
23.38;98.82;42.78;48.39;85.44;83.79;8.60;16.69
23.38;98.82;42.78;48.39;85.44;83.79;8.60;16.69
23.38;98.82;42.78;48.39;85.44;83.79;8.60;16.69
23.38;98.82;42.78;48.39;85.44;83.79;8.60;16.69
23.38;98.82;42.78;48.39;85.44;83.79;8.60;16.69
cc;rsrp;pl;cfo;mcs;snr;turbo;brate
1.76;3.70;52.11;17.82;68.46;74.90;40.79;84.7
1.76;3.70;52.11;17.82;68.46;74.90;40.79;84.7
1.76;3.70;52.11;17.82;68.46;74.90;40.79;84.7
1.76;3.70;52.11;17.82;68.46;74.90;40.79;84.7
1.76;3.70;52.11;17.82;68.46;74.90;40.79;84.7
1.76;3.70;52.11;17.82;68.46;74.90;40.79;84.7
1.76;3.70;52.11;17.82;68.46;74.90;40.79;84.7
1.76;3.70;52.11;17.82;68.46;74.90;40.79;84.7
1.76;3.70;52.11;17.82;68.46;74.90;40.79;84.7
1.76;3.70;52.11;17.82;68.46;74.90;40.79;84.7
cc;rsrp;pl;cfo;mcs;snr;turbo;brate
62.42;96.92;52.55;30.56;50.55;55.79;94.22;73.53
62.42;96.92;52.55;30.56;50.55;55.79;94.22;73.53
62.42;96.92;52.55;30.56;50.55;55.79;94.22;73.53
62.42;96.92;52.55;30.56;50.55;55.79;94.22;73.53
62.42;96.92;52.55;30.56;50.55;55.79;94.22;73.53
62.42;96.92;52.55;30.56;50.55;55.79;94.22;73.53
62.42;96.92;52.55;30.56;50.55;55.79;94.22;73.53
62.42;96.92;52.55;30.56;50.55;55.79;94.22;73.53
62.42;96.92;52.55;30.56;50.55;55.79;94.22;73.53
62.42;96.92;52.55;30.56;50.55;55.79;94.22;73.53
cc;rsrp;pl;cfo;mcs;snr;turbo;brate
34.12;1.8;44.69;80.69;97.97;57.34;49.58;32.84
34.12;1.8;44.69;80.69;97.97;57.34;49.58;32.84
34.12;1.8;44.69;80.69;97.97;57.34;49.58;32.84
34.12;1.8;44.69;80.69;97.97;57.34;49.58;32.84
34.12;1.8;44.69;80.69;97.97;57.34;49.58;32.84
34.12;1.8;44.69;80.69;97.97;57.34;49.58;32.84
34.12;1.8;44.69;80.69;97.97;57.34;49.58;32.84
34.12;1.8;44.69;80.69;97.97;57.34;49.58;32.84
34.12;1.8;44.69;80.69;97.97;57.34;49.58;32.84
34.12;1.8;44.69;80.69;97.97;57.34;49.58;32.84
cc;rsrp;pl;cfo;mcs;snr;turbo;brate
4.63;62.77;29.82;75.9;17.69;42.96;2.83;12.58
4.63;62.77;29.82;75.9;17.69;42.96;2.83;12.58
4.63;62.77;29.82;75.9;17.69;42.96;2.83;12.58
4.63;62.77;29.82;75.9;17.69;42.96;2.83;12.58
4.63;62.77;29.82;75.9;17.69;42.96;2.83;12.58
4.63;62.77;29.82;75.9;17.69;42.96;2.83;12.58
4.63;62.77;29.82;75.9;17.69;42.96;2.83;12.58
4.63;62.77;29.82;75.9;17.69;42.96;2.83;12.58
4.63;62.77;29.82;75.9;17.69;42.96;2.83;12.58
4.63;62.77;29.82;75.9;17.69;42.96;2.83;12.58
cc;rsrp;pl;cfo;mcs;snr;turbo;brate
97.76;33.98;35.35;11.61;29.76;94.16;64.20;17.69
97.76;33.98;35.35;11.61;29.76;94.16;64.20;17.69
97.76;33.98;35.35;11.61;29.76;94.16;64.20;17.69
97.76;33.98;35.35;11.61;29.76;94.16;64.20;17.69
97.76;33.98;35.35;11.61;29.76;94.16;64.20;17.69
97.76;33.98;35.35;11.61;29.76;94.16;64.20;17.69
97.76;33.98;35.35;11.61;29.76;94.16;64.20;17.69
97.76;33.98;35.35;11.61;29.76;94.16;64.20;17.69
97.76;33.98;35.35;11.61;29.76;94.16;64.20;17.69
97.76;33.98;35.35;11.61;29.76;94.16;64.20;17.69
cc;rsrp;pl;cfo;mcs;snr;turbo;brate
91.0;49.51;28.13;12.2;25.71;18.6;45.6;12.73
91.0;49.51;28.13;12.2;25.71;18.6;45.6;12.73
91.0;49.51;28.13;12.2;25.71;18.6;45.6;12.73
91.0;49.51;28.13;12.2;25.71;18.6;45.6;12.73
91.0;49.51;28.13;12.2;25.71;18.6;45.6;12.73
91.0;49.51;28.13;12.2;25.71;18.6;45.6;12.73
91.0;49.51;28.13;12.2;25.71;18.6;45.6;12.73
91.0;49.51;28.13;12.2;25.71;18.6;45.6;12.73
91.0;49.51;28.13;12.2;25.71;18.6;45.6;12.73
91.0;49.51;28.13;12.2;25.71;18.6;45.6;12.73
cc;rsrp;pl;cfo;mcs;snr;turbo;brate
68.52;85.53;67.30;64.92;69.44;61.45;66.28;43.1
68.52;85.53;67.30;64.92;69.44;61.45;66.28;43.1
68.52;85.53;67.30;64.92;69.44;61.45;66.28;43.1
68.52;85.53;67.30;64.92;69.44;61.45;66.28;43.1
68.52;85.53;67.30;64.92;69.44;61.45;66.28;43.1
68.52;85.53;67.30;64.92;69.44;61.45;66.28;43.1
68.52;85.53;67.30;64.92;69.44;61.45;66.28;43.1
68.52;85.53;67.30;64.92;69.44;61.45;66.28;43.1
68.52;85.53;67.30;64.92;69.44;61.45;66.28;43.1
68.52;85.53;67.30;64.92;69.44;61.45;66.28;43.1
cc;rsrp;pl;cfo;mcs;snr;turbo;brate
48.30;76.48;32.24;71.2;87.13;51.0;91.55;96.49
48.30;76.48;32.24;71.2;87.13;51.0;91.55;96.49
48.30;76.48;32.24;71.2;87.13;51.0;91.55;96.49
48.30;76.48;32.24;71.2;87.13;51.0;91.55;96.49
48.30;76.48;32.24;71.2;87.13;51.0;91.55;96.49
48.30;76.48;32.24;71.2;87.13;51.0;91.55;96.49
48.30;76.48;32.24;71.2;87.13;51.0;91.55;96.49
48.30;76.48;32.24;71.2;87.13;51.0;91.55;96.49
48.30;76.48;32.24;71.2;87.13;51.0;91.55;96.49
48.30;76.48;32.24;71.2;87.13;51.0;91.55;96.49
