time;rsrp;pl;cfo;dl_mcs;dl_snr;dl_turbo;dl_brate;dl_bler;ul_ta;ul_mcs;ul_buff;ul_brate;ul_bler;rf_o;rf_u;rf_l;is_attached
0;0.0;0.0;0.0;0.0;0.0;0.0;0.0;0.0;0.0;0.0;0.0;0.0;0.0;0.0;0.0;0.0;0.0
1;0.0;0.0;0.0;0.0;0.0;0.0;0.0;0.0;0.0;0.0;0.0;0.0;0.0;0.0;0.0;0.0;0.0
2;0.0;0.0;0.0;0.0;0.0;0.0;0.0;0.0;0.0;0.0;0.0;0.0;0.0;1.0;0.0;0.0;0.0
3;0.0;0.0;0.0;0.0;0.0;0.0;0.0;0.0;0.0;0.0;0.0;0.0;0.0;0.0;0.0;0.0;0.0
4;0.0;0.0;0.0;0.0;0.0;0.0;0.0;0.0;0.0;0.0;0.0;0.0;0.0;0.0;0.0;0.0;0.0
5;-52;52;-6741.052734;0.58;27;0.15;1441.138428;0;0.0;0.0;0.0;0.0;0.0;0.0;0.0;0.0;0.0
6;-50;50;-6763.464355;1.0;29;0.25;0.0;0.0;0.0;0.0;0.0;0.0;0.0;0.0;0.0;0.0;0.0
7;-47;47;-6755.803223;2.0;29;0.34;2240.560303;0;0.0;0.0;0.0;560;0;0.0;0.0;0.0;0.0
8;-49;49;-6752.405762;2.5;29;0.50;3280.918701;0;2.6;0.0;43;0.0;0.0;0.0;0.0;0.0;1.0
9;-49;49;-6755.889160;2.5;29;0.50;0.0;0.0;2.6;0.0;43;0.0;0.0;0.0;0.0;0.0;1.0
10;-49;49;-6756.337402;2.5;29;0.50;0.0;0.0;2.6;0.0;43;0.0;0.0;0.0;0.0;0.0;1.0
11;-49;49;-6753.755859;2.5;29;0.50;0.0;0.0;2.6;0.0;43;0.0;0.0;0.0;0.0;0.0;1.0
12;-49;49;-6757.740234;3.4;30;0.50;1760.422485;0;2.6;2.3;24;20644.955078;43;0.0;0.0;0.0;1.0
13;-48;48;-6755.855957;5.1;29;0.50;4561.322754;0;2.6;5.6;24;36970.718750;43;0.0;0.0;0.0;1.0
14;-50;50;-6756.843750;7.0;29;0.50;0.0;0.0;2.6;7.5;0.0;0.0;75;0.0;0.0;0.0;1.0
15;-47;47;-6763.126953;7.0;29;0.50;0.0;0.0;2.6;9.5;21;0.0;100.000000;0.0;0.0;0.0;1.0
16;-51;51;-6768.232422;7.0;29;0.50;0.0;0.0;2.6;10;0.0;0.0;75;0.0;0.0;0.0;1.0
17;-47;47;-6768.833008;5.9;29;0.50;8802.993164;0;2.6;7.1;0.0;70744.054688;33;0.0;0.0;0.0;1.0
18;-49;49;-6766.707520;5.7;30;0.50;10162.642578;0;2.6;7.9;0.0;88583.031250;50;0.0;0.0;0.0;1.0
19;-49;49;-6764.263184;0.0;29;0.50;0.0;0.0;2.6;8.4;0.0;457442.437500;76;0.0;0.0;0.0;1.0
20;-48;48;-6762.984863;3.4;29;0.50;4562.417969;0;2.6;7.6;0.0;45223.968750;43;0.0;0.0;0.0;1.0
21;-50;50;-6758.651855;4.5;29;0.50;0.0;0.0;2.6;8.5;0.0;0.0;0.0;0.0;0.0;0.0;1.0
22;-48;48;-6764.423828;4.5;29;0.50;0.0;0.0;2.6;8.5;0.0;0.0;0.0;0.0;0.0;0.0;1.0
23;-48;48;-6763.195312;4.5;29;0.50;0.0;0.0;2.6;8.5;0.0;0.0;0.0;0.0;0.0;0.0;1.0
24;-50;50;-6761.834961;4.5;28;0.50;0.0;0.0;2.6;8.5;0.0;0.0;0.0;0.0;0.0;0.0;1.0
25;-49;49;-6767.162598;4.5;28;0.50;0.0;0.0;2.6;8.5;0.0;0.0;0.0;0.0;0.0;0.0;1.0
26;-50;50;-6762.469238;4.5;29;0.50;0.0;0.0;2.6;8.5;0.0;0.0;0.0;0.0;0.0;0.0;1.0
27;-51;51;-6764.954102;4.5;29;0.50;0.0;0.0;2.6;8.5;0.0;0.0;0.0;0.0;0.0;0.0;1.0
28;-50;50;-6758.888672;4.5;29;0.50;0.0;0.0;2.6;8.5;0.0;0.0;0.0;0.0;0.0;0.0;1.0
29;-51;51;-6760.410156;4.5;29;0.50;0.0;0.0;2.6;8.5;0.0;0.0;0.0;0.0;0.0;0.0;1.0
30;-49;49;-6757.117676;4.5;29;0.50;0.0;0.0;2.6;8.5;0.0;0.0;0.0;0.0;0.0;0.0;1.0
31;-53;53;-6759.208008;4.5;29;0.50;0.0;0.0;2.6;8.5;0.0;0.0;0.0;0.0;0.0;0.0;1.0
32;-50;50;-6751.465332;4.5;29;0.50;0.0;0.0;2.6;8.5;0.0;0.0;0.0;0.0;0.0;0.0;1.0
33;-50;50;-6740.902344;4.5;29;0.50;0.0;0.0;2.6;8.5;0.0;0.0;0.0;0.0;0.0;0.0;1.0
34;-52;52;-6738.784180;4.5;29;0.50;0.0;0.0;2.6;8.5;0.0;0.0;0.0;0.0;0.0;0.0;1.0
35;-49;49;-6750.844727;4.5;29;0.50;0.0;0.0;2.6;8.5;0.0;0.0;0.0;0.0;0.0;0.0;1.0
36;-51;51;-6754.293945;4.5;30;0.50;0.0;0.0;2.6;8.5;0.0;0.0;0.0;0.0;0.0;0.0;1.0
37;-51;51;-6755.177246;4.5;29;0.50;0.0;0.0;2.6;8.5;0.0;0.0;0.0;0.0;0.0;0.0;1.0
38;-51;51;-6754.987305;4.5;29;0.50;0.0;0.0;2.6;8.5;0.0;0.0;0.0;0.0;0.0;0.0;1.0
39;-51;51;-6753.413086;4.5;29;0.50;0.0;0.0;2.6;8.5;0.0;0.0;0.0;0.0;0.0;0.0;1.0
40;-51;51;-6751.458496;4.5;29;0.50;0.0;0.0;2.6;8.5;0.0;0.0;0.0;0.0;0.0;0.0;1.0
41;-51;51;-6749.649902;4.5;29;0.50;0.0;0.0;2.6;8.5;0.0;0.0;0.0;0.0;0.0;0.0;1.0
42;-51;51;-6744.998535;4.5;29;0.50;0.0;0.0;2.6;8.5;0.0;0.0;0.0;0.0;0.0;0.0;1.0
43;-51;51;-6739.561035;4.5;29;0.50;0.0;0.0;2.6;8.5;0.0;0.0;0.0;0.0;0.0;0.0;1.0
44;-51;51;-6745.775879;4.5;29;0.50;0.0;0.0;2.6;8.5;0.0;0.0;0.0;0.0;0.0;0.0;1.0
45;-50;50;-6751.317383;4.5;29;0.50;0.0;0.0;2.6;8.5;0.0;0.0;0.0;0.0;0.0;0.0;1.0
46;-48;48;-6753.758789;4.5;29;0.50;0.0;0.0;2.6;8.5;0.0;0.0;0.0;0.0;0.0;0.0;1.0
47;-51;51;-6756.171875;4.5;29;0.50;0.0;0.0;2.6;8.5;0.0;0.0;0.0;0.0;0.0;0.0;1.0
48;-46;46;-6757.269043;4.5;29;0.50;0.0;0.0;2.6;8.5;0.0;0.0;0.0;0.0;0.0;0.0;1.0
49;-49;49;-6750.875977;4.5;29;0.50;0.0;0.0;2.6;8.5;0.0;0.0;0.0;0.0;0.0;0.0;1.0
50;-49;49;-6740.570801;4.5;29;0.50;0.0;0.0;2.6;8.5;0.0;0.0;0.0;0.0;0.0;0.0;1.0
51;-49;49;-6742.429199;4.5;29;0.50;0.0;0.0;2.6;8.5;0.0;0.0;0.0;0.0;0.0;0.0;1.0
52;-49;49;-6751.682617;4.5;29;0.50;0.0;0.0;2.6;8.5;0.0;0.0;0.0;0.0;0.0;0.0;1.0
53;-49;49;-6754.996582;4.5;29;0.50;0.0;0.0;2.6;8.5;0.0;0.0;0.0;0.0;0.0;0.0;1.0
54;-49;49;-6757.515625;4.5;30;0.50;0.0;0.0;2.6;8.5;0.0;0.0;0.0;0.0;0.0;0.0;1.0
55;-48;48;-6759.458496;4.5;29;0.50;0.0;0.0;2.6;8.5;0.0;0.0;0.0;0.0;0.0;0.0;1.0
56;-50;50;-6763.209961;4.5;29;0.50;0.0;0.0;2.6;8.5;0.0;0.0;0.0;0.0;0.0;0.0;1.0
57;-47;47;-6757.943848;4.5;29;0.50;0.0;0.0;2.6;8.5;0.0;0.0;0.0;0.0;0.0;0.0;1.0
58;-51;51;-6757.000000;4.5;28;0.50;0.0;0.0;2.6;8.5;0.0;0.0;0.0;0.0;0.0;0.0;1.0
59;-47;47;-6752.406738;4.5;29;0.50;0.0;0.0;2.6;8.5;0.0;0.0;0.0;0.0;0.0;0.0;1.0
60;-49;49;-6752.483887;4.5;29;0.50;0.0;0.0;2.6;8.5;0.0;0.0;0.0;0.0;0.0;0.0;1.0
61;-49;49;-6749.708496;4.5;29;0.50;0.0;0.0;2.6;8.5;0.0;0.0;0.0;0.0;0.0;0.0;1.0
62;-49;49;-6744.924805;4.5;30;0.50;0.0;0.0;2.6;8.5;0.0;0.0;0.0;0.0;0.0;0.0;1.0
63;-49;49;-6743.886230;4.5;29;0.50;0.0;0.0;2.6;8.5;0.0;0.0;0.0;0.0;0.0;0.0;1.0
64;-49;49;-6744.758301;4.5;29;0.50;0.0;0.0;2.6;8.5;0.0;0.0;0.0;0.0;0.0;0.0;1.0
65;-49;49;-6745.382812;4.5;29;0.50;0.0;0.0;2.6;8.5;0.0;0.0;0.0;0.0;0.0;0.0;1.0
66;-51;51;-6744.581055;4.5;29;0.50;0.0;0.0;2.6;8.5;0.0;0.0;0.0;0.0;0.0;0.0;1.0
67;-50;50;-6743.757324;4.5;29;0.50;0.0;0.0;2.6;8.5;0.0;0.0;0.0;0.0;0.0;0.0;1.0
68;-50;50;-6743.203125;4.5;29;0.50;0.0;0.0;2.6;8.5;0.0;0.0;0.0;0.0;0.0;0.0;1.0
69;-51;51;-6739.979004;4.5;29;0.50;0.0;0.0;2.6;8.5;0.0;0.0;0.0;0.0;0.0;0.0;1.0
70;-51;51;-6737.549316;4.5;29;0.50;0.0;0.0;2.6;8.5;0.0;0.0;0.0;0.0;0.0;0.0;1.0
71;-51;51;-6739.125000;4.5;29;0.50;0.0;0.0;2.6;8.5;0.0;0.0;0.0;0.0;0.0;0.0;1.0
72;-50;50;-6736.612305;4.5;29;0.50;0.0;0.0;2.6;8.5;0.0;0.0;0.0;0.0;0.0;0.0;1.0
73;-51;51;-6730.014648;4.5;29;0.50;0.0;0.0;2.6;8.5;0.0;0.0;0.0;0.0;0.0;0.0;1.0
74;-50;50;-6732.363281;4.5;29;0.50;0.0;0.0;2.6;8.5;0.0;0.0;0.0;0.0;0.0;0.0;1.0
75;-50;50;-6729.174805;4.5;29;0.50;0.0;0.0;2.6;8.5;0.0;0.0;0.0;0.0;0.0;0.0;1.0
76;-51;51;-6733.515137;4.5;29;0.50;0.0;0.0;2.6;8.5;0.0;0.0;0.0;0.0;0.0;0.0;1.0
77;-50;50;-6726.575195;4.5;29;0.50;0.0;0.0;2.6;8.5;0.0;0.0;0.0;0.0;0.0;0.0;1.0
78;-51;51;-6727.060059;4.5;29;0.50;0.0;0.0;2.6;8.5;0.0;0.0;0.0;0.0;0.0;0.0;1.0
79;-50;50;-6731.031250;4.5;29;0.50;0.0;0.0;2.6;8.5;0.0;0.0;0.0;0.0;0.0;0.0;1.0
80;-51;51;-6724.333984;4.5;29;0.50;0.0;0.0;2.6;8.5;0.0;0.0;0.0;0.0;0.0;0.0;1.0
81;-50;50;-6712.881348;4.5;29;0.50;0.0;0.0;2.6;8.5;0.0;0.0;0.0;0.0;0.0;0.0;1.0
82;-52;52;-6707.951172;4.5;29;0.50;0.0;0.0;2.6;8.5;0.0;0.0;0.0;0.0;0.0;0.0;1.0
83;-50;50;-6721.671387;4.5;29;0.50;0.0;0.0;2.6;8.5;0.0;0.0;0.0;0.0;0.0;0.0;1.0
84;-51;51;-6723.782227;4.5;29;0.50;0.0;0.0;2.6;8.5;0.0;0.0;0.0;0.0;0.0;0.0;1.0
85;-50;50;-6730.764160;4.5;29;0.50;0.0;0.0;2.6;8.5;0.0;0.0;0.0;0.0;0.0;0.0;1.0
86;-49;49;-6739.756836;4.5;29;0.50;0.0;0.0;2.6;8.5;0.0;0.0;0.0;0.0;0.0;0.0;1.0
87;-51;51;-6745.277344;4.5;29;0.50;0.0;0.0;2.6;8.5;0.0;0.0;0.0;0.0;0.0;0.0;1.0
88;-48;48;-6750.095703;4.5;29;0.50;0.0;0.0;2.6;8.5;0.0;0.0;0.0;0.0;0.0;0.0;1.0
89;-52;52;-6740.639160;4.5;29;0.50;0.0;0.0;2.6;8.5;0.0;0.0;0.0;0.0;0.0;0.0;1.0
90;-49;49;-6740.366211;4.5;29;0.50;0.0;0.0;2.6;8.5;0.0;0.0;0.0;0.0;0.0;0.0;1.0
91;-49;49;-6736.554199;4.5;29;0.50;0.0;0.0;2.6;8.5;0.0;0.0;0.0;0.0;0.0;0.0;1.0
92;-51;51;-6724.508789;4.5;29;0.50;0.0;0.0;2.6;8.5;0.0;0.0;0.0;0.0;0.0;0.0;1.0
93;-49;49;-6727.635254;4.5;29;0.50;0.0;0.0;2.6;8.5;0.0;0.0;0.0;0.0;0.0;0.0;1.0
94;-49;49;-6725.618652;4.5;29;0.50;0.0;0.0;2.6;8.5;0.0;0.0;0.0;0.0;0.0;0.0;1.0
95;-50;50;-6723.017578;4.5;30;0.50;0.0;0.0;2.6;8.5;0.0;0.0;0.0;0.0;0.0;0.0;1.0
96;-50;50;-6720.340332;4.5;29;0.50;0.0;0.0;2.6;8.5;0.0;0.0;0.0;0.0;0.0;0.0;1.0
97;-50;50;-6720.398438;4.5;29;0.50;0.0;0.0;2.6;8.5;0.0;0.0;0.0;0.0;0.0;0.0;1.0
98;-49;49;-6719.403320;4.5;29;0.50;0.0;0.0;2.6;8.5;0.0;0.0;0.0;0.0;0.0;0.0;1.0
99;-52;52;-6721.334473;4.5;29;0.50;0.0;0.0;2.6;8.5;0.0;0.0;0.0;0.0;0.0;0.0;1.0
100;-48;48;-6715.893066;4.5;29;0.50;0.0;0.0;2.6;8.5;0.0;0.0;0.0;0.0;0.0;0.0;1.0
101;-52;52;-6716.814941;4.5;29;0.50;0.0;0.0;2.6;8.5;0.0;0.0;0.0;0.0;0.0;0.0;1.0
102;-48;48;-6713.357422;4.5;29;0.50;0.0;0.0;2.6;8.5;0.0;0.0;0.0;0.0;0.0;0.0;1.0
103;-50;50;-6708.593750;4.5;29;0.50;0.0;0.0;2.6;8.5;0.0;0.0;0.0;0.0;0.0;0.0;1.0
104;-50;50;-6710.019043;4.5;29;0.50;0.0;0.0;2.6;8.5;0.0;0.0;0.0;0.0;0.0;0.0;1.0
105;-49;49;-6708.833984;4.5;29;0.50;0.0;0.0;2.6;8.5;0.0;0.0;0.0;0.0;0.0;0.0;1.0
106;-49;49;-6703.661133;4.5;29;0.50;0.0;0.0;2.6;8.5;0.0;0.0;0.0;0.0;0.0;0.0;1.0
107;-49;49;-6704.329590;4.5;29;0.50;0.0;0.0;2.6;8.5;0.0;0.0;0.0;0.0;0.0;0.0;1.0
108;-48;48;-6707.347168;4.5;30;0.50;0.0;0.0;2.6;8.5;0.0;0.0;0.0;0.0;0.0;0.0;1.0
109;-50;50;-6703.226562;4.5;29;0.50;0.0;0.0;2.6;8.5;0.0;0.0;0.0;0.0;0.0;0.0;1.0
110;-47;47;-6707.127441;4.5;29;0.50;0.0;0.0;2.6;8.5;0.0;0.0;0.0;0.0;0.0;0.0;1.0
111;-49;49;-6704.704102;4.5;29;0.50;0.0;0.0;2.6;8.5;0.0;0.0;0.0;0.0;0.0;0.0;1.0
112;-49;49;-6716.070801;4.5;29;0.50;0.0;0.0;2.6;8.5;0.0;0.0;0.0;0.0;0.0;0.0;1.0
113;-47;47;-6709.768066;4.5;29;0.50;0.0;0.0;2.6;8.5;0.0;0.0;0.0;0.0;0.0;0.0;1.0
114;-51;51;-6710.156738;4.5;28;0.50;0.0;0.0;2.6;8.5;0.0;0.0;0.0;0.0;0.0;0.0;1.0
115;-47;47;-6705.357910;4.5;29;0.50;0.0;0.0;2.6;8.5;0.0;0.0;0.0;0.0;0.0;0.0;1.0
116;-49;49;-6703.815918;4.5;29;0.50;0.0;0.0;2.6;8.5;0.0;0.0;0.0;0.0;0.0;0.0;1.0
117;-49;49;-6702.865234;4.5;30;0.50;0.0;0.0;2.6;8.5;0.0;0.0;0.0;0.0;0.0;0.0;1.0
118;-49;49;-6702.104492;4.5;30;0.50;0.0;0.0;2.6;8.5;0.0;0.0;0.0;0.0;0.0;0.0;1.0
119;-49;49;-6702.500488;4.5;30;0.50;0.0;0.0;2.6;8.5;0.0;0.0;0.0;0.0;0.0;0.0;1.0
120;-49;49;-6700.733887;4.5;30;0.50;0.0;0.0;2.6;8.5;0.0;0.0;0.0;0.0;0.0;0.0;1.0
121;-49;49;-6700.083984;4.5;30;0.50;0.0;0.0;2.6;8.5;0.0;0.0;0.0;0.0;0.0;0.0;1.0
122;-49;49;-6699.541016;4.5;30;0.50;0.0;0.0;2.6;8.5;0.0;0.0;0.0;0.0;0.0;0.0;1.0
123;-49;49;-6697.366699;4.5;29;0.50;0.0;0.0;2.6;8.5;0.0;0.0;0.0;0.0;0.0;0.0;1.0
124;-49;49;-6692.967773;4.5;29;0.50;0.0;0.0;2.6;8.5;0.0;0.0;0.0;0.0;0.0;0.0;1.0
125;-49;49;-6688.234863;4.5;30;0.50;0.0;0.0;2.6;8.5;0.0;0.0;0.0;0.0;0.0;0.0;1.0
126;-49;49;-6685.318359;4.5;30;0.50;0.0;0.0;2.6;8.5;0.0;0.0;0.0;0.0;0.0;0.0;1.0
127;-48;48;-6679.176270;4.5;29;0.50;0.0;0.0;2.6;8.5;0.0;0.0;0.0;0.0;0.0;0.0;1.0
128;-50;50;-6681.315430;4.5;29;0.50;0.0;0.0;2.6;8.5;0.0;0.0;0.0;0.0;0.0;0.0;1.0
129;-48;48;-6675.025391;4.5;29;0.50;0.0;0.0;2.6;8.5;0.0;0.0;0.0;0.0;0.0;0.0;1.0
130;-48;48;-6670.160156;4.5;29;0.50;0.0;0.0;2.6;8.5;0.0;0.0;0.0;0.0;0.0;0.0;1.0
131;-50;50;-6662.074707;4.5;28;0.50;0.0;0.0;2.6;8.5;0.0;0.0;0.0;0.0;0.0;0.0;1.0
132;-47;47;-6675.594727;4.5;29;0.50;0.0;0.0;2.6;8.5;0.0;0.0;0.0;0.0;0.0;0.0;1.0
133;-51;51;-6674.292480;4.5;28;0.50;0.0;0.0;2.6;8.5;0.0;0.0;0.0;0.0;0.0;0.0;1.0
134;-48;48;-6685.072754;4.5;29;0.50;0.0;0.0;2.6;8.5;0.0;0.0;0.0;0.0;0.0;0.0;1.0
135;-48;48;-6687.054688;4.5;29;0.50;0.0;0.0;2.6;8.5;0.0;0.0;0.0;0.0;0.0;0.0;1.0
136;-48;48;-6688.967285;4.5;29;0.50;0.0;0.0;2.6;8.5;0.0;0.0;0.0;0.0;0.0;0.0;1.0
137;-50;50;-6681.443848;4.5;29;0.50;0.0;0.0;2.6;8.5;0.0;0.0;0.0;0.0;0.0;0.0;1.0
138;-48;48;-6689.050781;4.5;29;0.50;0.0;0.0;2.6;8.5;0.0;0.0;0.0;0.0;0.0;0.0;1.0
139;-49;49;-6679.410156;4.5;29;0.50;0.0;0.0;2.6;8.5;0.0;0.0;0.0;0.0;0.0;0.0;1.0
140;-48;48;-6683.683594;4.5;29;0.50;0.0;0.0;2.6;8.5;0.0;0.0;0.0;0.0;0.0;0.0;1.0
141;-50;50;-6675.897949;4.5;29;0.50;0.0;0.0;2.6;8.5;0.0;0.0;0.0;0.0;0.0;0.0;1.0
142;-47;47;-6678.135254;4.5;29;0.50;0.0;0.0;2.6;8.5;0.0;0.0;0.0;0.0;0.0;0.0;1.0
143;-50;50;-6676.823242;4.5;29;0.50;0.0;0.0;2.6;8.5;0.0;0.0;0.0;0.0;0.0;0.0;1.0
144;-47;47;-6680.460938;4.5;29;0.50;0.0;0.0;2.6;8.5;0.0;0.0;0.0;0.0;0.0;0.0;1.0
145;-50;50;-6670.425293;4.5;29;0.50;0.0;0.0;2.6;8.5;0.0;0.0;0.0;0.0;0.0;0.0;1.0
146;-47;47;-6673.096191;4.5;29;0.50;0.0;0.0;2.6;8.5;0.0;0.0;0.0;0.0;0.0;0.0;1.0
147;-47;47;-6673.709961;4.5;30;0.50;0.0;0.0;2.6;8.5;0.0;0.0;0.0;0.0;0.0;0.0;1.0
148;-47;47;-6679.971191;4.5;30;0.50;0.0;0.0;2.6;8.5;0.0;0.0;0.0;0.0;0.0;0.0;1.0
149;-50;50;-6684.309570;4.5;28;0.50;0.0;0.0;2.6;8.5;0.0;0.0;0.0;0.0;0.0;0.0;1.0
150;-46;46;-6687.495605;4.5;29;0.50;0.0;0.0;2.6;8.5;0.0;0.0;0.0;0.0;0.0;0.0;1.0
151;-48;48;-6689.398926;4.5;30;0.50;0.0;0.0;2.6;8.5;0.0;0.0;0.0;0.0;0.0;0.0;1.0
152;-48;48;-6687.473145;4.5;29;0.50;0.0;0.0;2.6;8.5;0.0;0.0;0.0;0.0;0.0;0.0;1.0
153;-48;48;-6683.255859;4.5;29;0.50;0.0;0.0;2.6;8.5;0.0;0.0;0.0;0.0;0.0;0.0;1.0
154;-48;48;-6676.420898;4.5;29;0.50;0.0;0.0;2.6;8.5;0.0;0.0;0.0;0.0;0.0;0.0;1.0
155;-48;48;-6672.289062;4.5;29;0.50;0.0;0.0;2.6;8.5;0.0;0.0;0.0;0.0;0.0;0.0;1.0
156;-48;48;-6667.155762;4.5;29;0.50;0.0;0.0;2.6;8.5;0.0;0.0;0.0;0.0;0.0;0.0;1.0
157;-48;48;-6667.769043;4.5;29;0.50;0.0;0.0;2.6;8.5;0.0;0.0;0.0;0.0;0.0;0.0;1.0
158;-48;48;-6669.457031;4.5;29;0.50;0.0;0.0;2.6;8.5;0.0;0.0;0.0;0.0;0.0;0.0;1.0
159;-48;48;-6670.330566;4.5;29;0.50;0.0;0.0;2.6;8.5;0.0;0.0;0.0;0.0;0.0;0.0;1.0
160;-48;48;-6664.916992;4.5;29;0.50;0.0;0.0;2.6;8.5;0.0;0.0;0.0;0.0;0.0;0.0;1.0
161;-46;46;-6658.041992;4.5;29;0.50;0.0;0.0;2.6;8.5;0.0;0.0;0.0;0.0;0.0;0.0;1.0
162;-49;49;-6669.440918;4.5;28;0.50;0.0;0.0;2.6;8.5;0.0;0.0;0.0;0.0;0.0;0.0;1.0
163;-46;46;-6672.194824;4.5;29;0.50;0.0;0.0;2.6;8.5;0.0;0.0;0.0;0.0;0.0;0.0;1.0
164;-48;48;-6665.634766;4.5;29;0.50;0.0;0.0;2.6;8.5;0.0;0.0;0.0;0.0;0.0;0.0;1.0
165;-48;48;-6650.514160;4.5;29;0.50;0.0;0.0;2.6;8.5;0.0;0.0;0.0;0.0;0.0;0.0;1.0
166;-49;49;-6649.514648;4.5;29;0.50;0.0;0.0;2.6;8.5;0.0;0.0;0.0;0.0;0.0;0.0;1.0
167;-49;49;-6660.459961;4.5;29;0.50;0.0;0.0;2.6;8.5;0.0;0.0;0.0;0.0;0.0;0.0;1.0
168;-49;49;-6665.525879;4.5;29;0.50;0.0;0.0;2.6;8.5;0.0;0.0;0.0;0.0;0.0;0.0;1.0
169;-49;49;-6664.722656;4.5;30;0.50;0.0;0.0;2.6;8.5;0.0;0.0;0.0;0.0;0.0;0.0;1.0
170;-49;49;-6665.155273;4.5;29;0.50;0.0;0.0;2.6;8.5;0.0;0.0;0.0;0.0;0.0;0.0;1.0
171;-48;48;-6666.977539;4.5;29;0.50;0.0;0.0;2.6;8.5;0.0;0.0;0.0;0.0;0.0;0.0;1.0
172;-49;49;-6678.139648;4.5;29;0.50;0.0;0.0;2.6;8.5;0.0;0.0;0.0;0.0;0.0;0.0;1.0
173;-48;48;-6671.927246;4.5;29;0.50;0.0;0.0;2.6;8.5;0.0;0.0;0.0;0.0;0.0;0.0;1.0
174;-50;50;-6676.661621;4.5;29;0.50;0.0;0.0;2.6;8.5;0.0;0.0;0.0;0.0;0.0;0.0;1.0
175;-47;47;-6672.464844;4.5;29;0.50;0.0;0.0;2.6;8.5;0.0;0.0;0.0;0.0;0.0;0.0;1.0
176;-49;49;-6674.518555;4.5;29;0.50;0.0;0.0;2.6;8.5;0.0;0.0;0.0;0.0;0.0;0.0;1.0
177;-49;49;-6676.341797;4.5;30;0.50;0.0;0.0;2.6;8.5;0.0;0.0;0.0;0.0;0.0;0.0;1.0
178;-49;49;-6673.531250;4.5;30;0.50;0.0;0.0;2.6;8.5;0.0;0.0;0.0;0.0;0.0;0.0;1.0
179;-49;49;-6670.203125;4.5;29;0.50;0.0;0.0;2.6;8.5;0.0;0.0;0.0;0.0;0.0;0.0;1.0
180;-49;49;-6665.625000;4.5;29;0.50;0.0;0.0;2.6;8.5;0.0;0.0;0.0;0.0;0.0;0.0;1.0
181;-48;48;-6663.345215;4.5;29;0.50;0.0;0.0;2.6;8.5;0.0;0.0;0.0;0.0;0.0;0.0;1.0
182;-49;49;-6655.817871;4.5;29;0.50;0.0;0.0;2.6;8.5;0.0;0.0;0.0;0.0;0.0;0.0;1.0
183;-48;48;-6658.481934;4.5;29;0.50;0.0;0.0;2.6;8.5;0.0;0.0;0.0;0.0;0.0;0.0;1.0
184;-49;49;-6649.776855;4.5;29;0.50;0.0;0.0;2.6;8.5;0.0;0.0;0.0;0.0;0.0;0.0;1.0
185;-49;49;-6643.487793;4.5;29;0.50;0.0;0.0;2.6;8.5;0.0;0.0;0.0;0.0;0.0;0.0;1.0
186;-49;49;-6638.556152;4.5;29;0.50;0.0;0.0;2.6;8.5;0.0;0.0;0.0;0.0;0.0;0.0;1.0
187;-49;49;-6644.738281;4.5;29;0.50;0.0;0.0;2.6;8.5;0.0;0.0;0.0;0.0;0.0;0.0;1.0
188;-47;47;-6652.671875;4.5;29;0.50;0.0;0.0;2.6;8.5;0.0;0.0;0.0;0.0;0.0;0.0;1.0
189;-51;51;-6658.452148;4.5;29;0.50;0.0;0.0;2.6;8.5;0.0;0.0;0.0;0.0;0.0;0.0;1.0
190;-47;47;-6661.081543;4.5;29;0.50;0.0;0.0;2.6;8.5;0.0;0.0;0.0;0.0;0.0;0.0;1.0
191;-51;51;-6652.050781;4.5;29;0.50;0.0;0.0;2.6;8.5;0.0;0.0;0.0;0.0;0.0;0.0;1.0
192;-47;47;-6655.246582;4.5;29;0.50;0.0;0.0;2.6;8.5;0.0;0.0;0.0;0.0;0.0;0.0;1.0
193;-51;51;-6647.164551;4.5;29;0.50;0.0;0.0;2.6;8.5;0.0;0.0;0.0;0.0;0.0;0.0;1.0
194;-47;47;-6644.053223;4.5;29;0.50;0.0;0.0;2.6;8.5;0.0;0.0;0.0;0.0;0.0;0.0;1.0
195;-49;49;-6641.370605;4.5;30;0.50;0.0;0.0;2.6;8.5;0.0;0.0;0.0;0.0;0.0;0.0;1.0
196;-49;49;-6645.122559;4.5;30;0.50;0.0;0.0;2.6;8.5;0.0;0.0;0.0;0.0;0.0;0.0;1.0
197;-49;49;-6642.817871;4.5;30;0.50;0.0;0.0;2.6;8.5;0.0;0.0;0.0;0.0;0.0;0.0;1.0
198;-51;51;-6638.044434;4.5;29;0.50;0.0;0.0;2.6;8.5;0.0;0.0;0.0;0.0;0.0;0.0;1.0
199;-47;47;-6644.724609;4.5;29;0.50;0.0;0.0;2.6;8.5;0.0;0.0;0.0;0.0;0.0;0.0;1.0
200;-49;49;-6644.844727;4.5;30;0.50;0.0;0.0;2.6;8.5;0.0;0.0;0.0;0.0;0.0;0.0;1.0
201;-49;49;-6646.524414;4.5;29;0.50;0.0;0.0;2.6;8.5;0.0;0.0;0.0;0.0;0.0;0.0;1.0
202;-49;49;-6645.801758;4.5;30;0.50;0.0;0.0;2.6;8.5;0.0;0.0;0.0;0.0;0.0;0.0;1.0
203;-49;49;-6643.881836;4.5;30;0.50;0.0;0.0;2.6;8.5;0.0;0.0;0.0;0.0;0.0;0.0;1.0
204;-49;49;-6640.841797;4.5;30;0.50;0.0;0.0;2.6;8.5;0.0;0.0;0.0;0.0;0.0;0.0;1.0
205;-49;49;-6636.627441;4.5;30;0.50;0.0;0.0;2.6;8.5;0.0;0.0;0.0;0.0;0.0;0.0;1.0
206;-49;49;-6631.935547;4.5;29;0.50;0.0;0.0;2.6;8.5;0.0;0.0;0.0;0.0;0.0;0.0;1.0
207;-49;49;-6630.070312;4.5;29;0.50;0.0;0.0;2.6;8.5;0.0;0.0;0.0;0.0;0.0;0.0;1.0
208;-49;49;-6633.702637;4.5;29;0.50;0.0;0.0;2.6;8.5;0.0;0.0;0.0;0.0;0.0;0.0;1.0
209;-48;48;-6633.633301;4.5;29;0.50;0.0;0.0;2.6;8.5;0.0;0.0;0.0;0.0;0.0;0.0;1.0
210;-48;48;-6629.667480;4.5;29;0.50;0.0;0.0;2.6;8.5;0.0;0.0;0.0;0.0;0.0;0.0;1.0
211;-50;50;-6634.110352;4.5;29;0.50;0.0;0.0;2.6;8.5;0.0;0.0;0.0;0.0;0.0;0.0;1.0
212;-47;47;-6626.479980;4.5;29;0.50;0.0;0.0;2.6;8.5;0.0;0.0;0.0;0.0;0.0;0.0;1.0
213;-51;51;-6627.093750;4.5;29;0.50;0.0;0.0;2.6;8.5;0.0;0.0;0.0;0.0;0.0;0.0;1.0
214;-47;47;-6624.170410;4.5;29;0.50;0.0;0.0;2.6;8.5;0.0;0.0;0.0;0.0;0.0;0.0;1.0
215;-50;50;-6626.500488;4.5;29;0.50;0.0;0.0;2.6;8.5;0.0;0.0;0.0;0.0;0.0;0.0;1.0
216;-48;48;-6618.835938;4.5;29;0.50;0.0;0.0;2.6;8.5;0.0;0.0;0.0;0.0;0.0;0.0;1.0
217;-50;50;-6621.940430;4.5;29;0.50;0.0;0.0;2.6;8.5;0.0;0.0;0.0;0.0;0.0;0.0;1.0
218;-47;47;-6617.641113;4.5;28;0.50;0.0;0.0;2.6;8.5;0.0;0.0;0.0;0.0;0.0;0.0;1.0
219;-50;50;-6627.070312;4.5;28;0.50;0.0;0.0;2.6;8.5;0.0;0.0;0.0;0.0;0.0;0.0;1.0
220;-47;47;-6624.401367;4.5;29;0.50;0.0;0.0;2.6;8.5;0.0;0.0;0.0;0.0;0.0;0.0;1.0
221;-49;49;-6623.792480;4.5;29;0.50;0.0;0.0;2.6;8.5;0.0;0.0;0.0;0.0;0.0;0.0;1.0
222;-49;49;-6622.307617;4.5;29;0.50;0.0;0.0;2.6;8.5;0.0;0.0;0.0;0.0;0.0;0.0;1.0
223;-49;49;-6620.765137;4.5;29;0.50;0.0;0.0;2.6;8.5;0.0;0.0;0.0;0.0;0.0;0.0;1.0
224;-49;49;-6621.658203;4.5;29;0.50;0.0;0.0;2.6;8.5;0.0;0.0;0.0;0.0;0.0;0.0;1.0
225;-49;49;-6624.227051;4.5;29;0.50;0.0;0.0;2.6;8.5;0.0;0.0;0.0;0.0;0.0;0.0;1.0
226;-49;49;-6622.177734;4.5;29;0.50;0.0;0.0;2.6;8.5;0.0;0.0;0.0;0.0;0.0;0.0;1.0
227;-49;49;-6620.442871;4.5;29;0.50;0.0;0.0;2.6;8.5;0.0;0.0;0.0;0.0;0.0;0.0;1.0
228;-49;49;-6618.124512;4.5;29;0.50;0.0;0.0;2.6;8.5;0.0;0.0;0.0;0.0;0.0;0.0;1.0
229;-49;49;-6613.657715;4.5;29;0.50;0.0;0.0;2.6;8.5;0.0;0.0;0.0;0.0;0.0;0.0;1.0
230;-49;49;-6612.803223;4.5;29;0.50;0.0;0.0;2.6;8.5;0.0;0.0;0.0;0.0;0.0;0.0;1.0
231;-49;49;-6614.308594;4.5;29;0.50;0.0;0.0;2.6;8.5;0.0;0.0;0.0;0.0;0.0;0.0;1.0
232;-49;49;-6611.802734;4.5;29;0.50;0.0;0.0;2.6;8.5;0.0;0.0;0.0;0.0;0.0;0.0;1.0
233;-49;49;-6609.988281;4.5;29;0.50;0.0;0.0;2.6;8.5;0.0;0.0;0.0;0.0;0.0;0.0;1.0
234;-49;49;-6610.891113;4.5;29;0.50;0.0;0.0;2.6;8.5;0.0;0.0;0.0;0.0;0.0;0.0;1.0
235;-49;49;-6609.648926;4.5;30;0.50;0.0;0.0;2.6;8.5;0.0;0.0;0.0;0.0;0.0;0.0;1.0
236;-49;49;-6607.573242;4.5;29;0.50;0.0;0.0;2.6;8.5;0.0;0.0;0.0;0.0;0.0;0.0;1.0
237;-49;49;-6598.510742;4.5;30;0.50;0.0;0.0;2.6;8.5;0.0;0.0;0.0;0.0;0.0;0.0;1.0
238;-49;49;-6602.414551;4.5;30;0.50;0.0;0.0;2.6;8.5;0.0;0.0;0.0;0.0;0.0;0.0;1.0
239;-49;49;-6610.713379;4.5;30;0.50;0.0;0.0;2.6;8.5;0.0;0.0;0.0;0.0;0.0;0.0;1.0
240;-49;49;-6608.276855;4.5;30;0.50;0.0;0.0;2.6;8.5;0.0;0.0;0.0;0.0;0.0;0.0;1.0
241;-49;49;-6604.507812;4.5;30;0.50;0.0;0.0;2.6;8.5;0.0;0.0;0.0;0.0;0.0;0.0;1.0
242;-49;49;-6608.193359;4.5;30;0.50;0.0;0.0;2.6;8.5;0.0;0.0;0.0;0.0;0.0;0.0;1.0
243;-49;49;-6615.740234;4.5;29;0.50;0.0;0.0;2.6;8.5;0.0;0.0;0.0;0.0;0.0;0.0;1.0
244;-49;49;-6616.936035;4.5;29;0.50;0.0;0.0;2.6;8.5;0.0;0.0;0.0;0.0;0.0;0.0;1.0
245;-49;49;-6615.803711;4.5;29;0.50;0.0;0.0;2.6;8.5;0.0;0.0;0.0;0.0;0.0;0.0;1.0
246;-49;49;-6614.826660;4.5;30;0.50;0.0;0.0;2.6;8.5;0.0;0.0;0.0;0.0;0.0;0.0;1.0
247;-49;49;-6614.592285;4.5;30;0.50;0.0;0.0;2.6;8.5;0.0;0.0;0.0;0.0;0.0;0.0;1.0
248;-48;48;-6613.116211;4.5;29;0.50;0.0;0.0;2.6;8.5;0.0;0.0;0.0;0.0;0.0;0.0;1.0
249;-50;50;-6617.355957;4.5;29;0.50;0.0;0.0;2.6;8.5;0.0;0.0;0.0;0.0;0.0;0.0;1.0
250;-47;47;-6610.335449;4.5;30;0.50;0.0;0.0;2.6;8.5;0.0;0.0;0.0;0.0;0.0;0.0;1.0
251;-51;51;-6609.943848;4.5;29;0.50;0.0;0.0;2.6;8.5;0.0;0.0;0.0;0.0;0.0;0.0;1.0
252;-47;47;-6609.500488;4.5;29;0.50;0.0;0.0;2.6;8.5;0.0;0.0;0.0;0.0;0.0;0.0;1.0
253;-49;49;-6611.584473;4.5;29;0.50;0.0;0.0;2.6;8.5;0.0;0.0;0.0;0.0;0.0;0.0;1.0
254;-49;49;-6610.749512;4.5;30;0.50;0.0;0.0;2.6;8.5;0.0;0.0;0.0;0.0;0.0;0.0;1.0
255;-49;49;-6607.114258;4.5;30;0.50;0.0;0.0;2.6;8.5;0.0;0.0;0.0;0.0;0.0;0.0;1.0
256;-49;49;-6597.785156;4.5;29;0.50;0.0;0.0;2.6;8.5;0.0;0.0;0.0;0.0;0.0;0.0;1.0
257;-49;49;-6596.652344;4.5;29;0.50;0.0;0.0;2.6;8.5;0.0;0.0;0.0;0.0;0.0;0.0;1.0
258;-49;49;-6597.741699;4.5;29;0.50;0.0;0.0;2.6;8.5;0.0;0.0;0.0;0.0;0.0;0.0;1.0
259;-49;49;-6595.757324;4.5;29;0.50;0.0;0.0;2.6;8.5;0.0;0.0;0.0;0.0;0.0;0.0;1.0
260;-49;49;-6593.405762;4.5;29;0.50;0.0;0.0;2.6;8.5;0.0;0.0;0.0;0.0;0.0;0.0;1.0
261;-49;49;-6600.570801;4.5;29;0.50;0.0;0.0;2.6;8.5;0.0;0.0;0.0;0.0;0.0;0.0;1.0
262;-49;49;-6607.102539;4.5;29;0.50;0.0;0.0;2.6;8.5;0.0;0.0;0.0;0.0;0.0;0.0;1.0
263;-49;49;-6609.412598;4.5;29;0.50;0.0;0.0;2.6;8.5;0.0;0.0;0.0;0.0;0.0;0.0;1.0
264;-49;49;-6610.391602;4.5;29;0.50;0.0;0.0;2.6;8.5;0.0;0.0;0.0;0.0;0.0;0.0;1.0
265;-49;49;-6603.351074;4.5;29;0.50;0.0;0.0;2.6;8.5;0.0;0.0;0.0;0.0;0.0;0.0;1.0
266;-44;44;-6591.765137;4.5;29;0.50;0.0;0.0;2.6;8.5;0.0;0.0;0.0;0.0;0.0;0.0;1.0
267;-47;47;-6589.902344;4.5;29;0.50;0.0;0.0;2.6;8.5;0.0;0.0;0.0;0.0;0.0;0.0;1.0
268;-45;45;-6606.933594;4.5;29;0.50;0.0;0.0;2.6;8.5;0.0;0.0;0.0;0.0;0.0;0.0;1.0
269;-47;47;-6604.413086;4.5;29;0.50;0.0;0.0;2.6;8.5;0.0;0.0;0.0;0.0;0.0;0.0;1.0
270;-44;44;-6602.398438;4.5;29;0.50;0.0;0.0;2.6;8.5;0.0;0.0;0.0;0.0;0.0;0.0;1.0
271;-48;48;-6591.264648;4.5;29;0.50;0.0;0.0;2.6;8.5;0.0;0.0;0.0;0.0;0.0;0.0;1.0
272;-44;44;-6603.425293;4.5;29;0.50;0.0;0.0;2.6;8.5;0.0;0.0;0.0;0.0;0.0;0.0;1.0
273;-46;46;-6604.175293;4.5;30;0.50;0.0;0.0;2.6;8.5;0.0;0.0;0.0;0.0;0.0;0.0;1.0
274;-46;46;-6605.226562;4.5;29;0.50;0.0;0.0;2.6;8.5;0.0;0.0;0.0;0.0;0.0;0.0;1.0
275;-46;46;-6603.738770;4.5;30;0.50;0.0;0.0;2.6;8.5;0.0;0.0;0.0;0.0;0.0;0.0;1.0
276;-46;46;-6598.890137;4.5;29;0.50;0.0;0.0;2.6;8.5;0.0;0.0;0.0;0.0;0.0;0.0;1.0
277;-46;46;-6596.116211;4.5;29;0.50;0.0;0.0;2.6;8.5;0.0;0.0;0.0;0.0;0.0;0.0;1.0
278;-46;46;-6591.788086;4.5;29;0.50;0.0;0.0;2.6;8.5;0.0;0.0;0.0;0.0;0.0;0.0;1.0
279;-46;46;-6598.358887;4.5;29;0.50;0.0;0.0;2.6;8.5;0.0;0.0;0.0;0.0;0.0;0.0;1.0
280;-46;46;-6606.967285;4.5;29;0.50;0.0;0.0;2.6;8.5;0.0;0.0;0.0;0.0;0.0;0.0;1.0
281;-46;46;-6606.546875;4.5;30;0.50;0.0;0.0;2.6;8.5;0.0;0.0;0.0;0.0;0.0;0.0;1.0
282;-46;46;-6602.241699;4.5;29;0.50;0.0;0.0;2.6;8.5;0.0;0.0;0.0;0.0;0.0;0.0;1.0
283;-46;46;-6593.562988;4.5;30;0.50;0.0;0.0;2.6;8.5;0.0;0.0;0.0;0.0;0.0;0.0;1.0
284;-46;46;-6586.975586;4.5;30;0.50;0.0;0.0;2.6;8.5;0.0;0.0;0.0;0.0;0.0;0.0;1.0
285;-47;47;-6583.718262;4.5;29;0.50;0.0;0.0;2.6;8.5;0.0;0.0;0.0;0.0;0.0;0.0;1.0
286;-49;49;-6588.747559;4.5;29;0.50;0.0;0.0;2.6;8.5;0.0;0.0;0.0;0.0;0.0;0.0;1.0
287;-49;49;-6599.593750;4.5;29;0.50;0.0;0.0;2.6;8.5;0.0;0.0;0.0;0.0;0.0;0.0;1.0
288;-49;49;-6606.362305;4.5;29;0.50;0.0;0.0;2.6;8.5;0.0;0.0;0.0;0.0;0.0;0.0;1.0
289;-49;49;-6609.424805;4.5;30;0.50;0.0;0.0;2.6;8.5;0.0;0.0;0.0;0.0;0.0;0.0;1.0
290;-49;49;-6607.512207;4.5;29;0.50;0.0;0.0;2.6;8.5;0.0;0.0;0.0;0.0;0.0;0.0;1.0
291;-49;49;-6603.241699;4.5;29;0.50;0.0;0.0;2.6;8.5;0.0;0.0;0.0;0.0;0.0;0.0;1.0
292;-49;49;-6598.670410;4.5;30;0.50;0.0;0.0;2.6;8.5;0.0;0.0;0.0;0.0;0.0;0.0;1.0
293;-48;48;-6589.065430;4.5;29;0.50;0.0;0.0;2.6;8.5;0.0;0.0;0.0;0.0;0.0;0.0;1.0
294;-49;49;-6591.645996;4.5;29;0.50;0.0;0.0;2.6;8.5;0.0;0.0;0.0;0.0;0.0;0.0;1.0
295;-49;49;-6585.439453;4.5;29;0.50;0.0;0.0;2.6;8.5;0.0;0.0;0.0;0.0;0.0;0.0;1.0
296;-50;50;-6592.899902;4.5;29;0.50;0.0;0.0;2.6;8.5;0.0;0.0;0.0;0.0;0.0;0.0;1.0
297;-48;48;-6586.029785;4.5;29;0.50;0.0;0.0;2.6;8.5;0.0;0.0;0.0;0.0;0.0;0.0;1.0
298;-50;50;-6583.358887;4.5;29;0.50;0.0;0.0;2.6;8.5;0.0;0.0;0.0;0.0;0.0;0.0;1.0
299;-47;47;-6591.299316;4.5;29;0.50;0.0;0.0;2.6;8.5;0.0;0.0;0.0;0.0;0.0;0.0;1.0
300;-51;51;-6583.160645;4.5;29;0.50;0.0;0.0;2.6;8.5;0.0;0.0;0.0;0.0;0.0;0.0;1.0
301;-47;47;-6588.619141;4.5;29;0.50;0.0;0.0;2.6;8.5;0.0;0.0;0.0;0.0;0.0;0.0;1.0
302;-51;51;-6585.735352;4.5;29;0.50;0.0;0.0;2.6;8.5;0.0;0.0;0.0;0.0;0.0;0.0;1.0
303;-47;47;-6584.209473;4.5;29;0.50;0.0;0.0;2.6;8.5;0.0;0.0;0.0;0.0;0.0;0.0;1.0
304;-51;51;-6575.659180;4.5;29;0.50;0.0;0.0;2.6;8.5;0.0;0.0;0.0;0.0;0.0;0.0;1.0
305;-48;48;-6575.275391;4.5;29;0.50;0.0;0.0;2.6;8.5;0.0;0.0;0.0;0.0;0.0;0.0;1.0
306;-49;49;-6571.771973;4.5;29;0.50;0.0;0.0;2.6;8.5;0.0;0.0;0.0;0.0;0.0;0.0;1.0
307;-49;49;-6572.800781;4.5;29;0.50;0.0;0.0;2.6;8.5;0.0;0.0;0.0;0.0;0.0;0.0;1.0
308;-50;50;-6572.295410;4.5;29;0.50;0.0;0.0;2.6;8.5;0.0;0.0;0.0;0.0;0.0;0.0;1.0
309;-51;51;-6571.092773;4.5;29;0.50;0.0;0.0;2.6;8.5;0.0;0.0;0.0;0.0;0.0;0.0;1.0
310;-50;50;-6569.361816;4.5;29;0.50;0.0;0.0;2.6;8.5;0.0;0.0;0.0;0.0;0.0;0.0;1.0
311;-49;49;-6584.761719;4.5;29;0.50;0.0;0.0;2.6;8.5;0.0;0.0;0.0;0.0;0.0;0.0;1.0
312;-51;51;-6580.638184;4.5;29;0.50;0.0;0.0;2.6;8.5;0.0;0.0;0.0;0.0;0.0;0.0;1.0
313;-49;49;-6588.871582;4.5;29;0.50;0.0;0.0;2.6;8.5;0.0;0.0;0.0;0.0;0.0;0.0;1.0
314;-49;49;-6583.930664;4.5;29;0.50;0.0;0.0;2.6;8.5;0.0;0.0;0.0;0.0;0.0;0.0;1.0
315;-50;50;-6578.560059;4.5;29;0.50;0.0;0.0;2.6;8.5;0.0;0.0;0.0;0.0;0.0;0.0;1.0
316;-50;50;-6583.428223;4.5;29;0.50;0.0;0.0;2.6;8.5;0.0;0.0;0.0;0.0;0.0;0.0;1.0
317;-49;49;-6577.967773;4.5;29;0.50;0.0;0.0;2.6;8.5;0.0;0.0;0.0;0.0;0.0;0.0;1.0
318;-49;49;-6575.838379;4.5;29;0.50;0.0;0.0;2.6;8.5;0.0;0.0;0.0;0.0;0.0;0.0;1.0
319;-49;49;-6572.375000;4.5;29;0.50;0.0;0.0;2.6;8.5;0.0;0.0;0.0;0.0;0.0;0.0;1.0
320;-52;52;-6565.113770;4.5;29;0.50;0.0;0.0;2.6;8.5;0.0;0.0;0.0;0.0;0.0;0.0;1.0
321;-49;49;-6560.983887;4.5;29;0.50;0.0;0.0;2.6;8.5;0.0;0.0;0.0;0.0;0.0;0.0;1.0
322;-49;49;-6557.348633;4.5;29;0.50;0.0;0.0;2.6;8.5;0.0;0.0;0.0;0.0;0.0;0.0;1.0
323;-52;52;-6562.291016;4.5;28;0.50;0.0;0.0;2.6;8.5;0.0;0.0;0.0;0.0;0.0;0.0;1.0
324;-49;49;-6570.719727;4.5;29;0.50;0.0;0.0;2.6;8.5;0.0;0.0;0.0;0.0;0.0;0.0;1.0
325;-50;50;-6575.434082;4.5;29;0.50;0.0;0.0;2.6;8.5;0.0;0.0;0.0;0.0;0.0;0.0;1.0
326;-47;47;-6572.497559;4.5;29;0.50;0.0;0.0;2.6;8.5;0.0;0.0;0.0;0.0;0.0;0.0;1.0
327;-48;48;-6578.130859;4.5;29;0.50;0.0;0.0;2.6;8.5;0.0;0.0;0.0;0.0;0.0;0.0;1.0
328;-47;47;-6572.414551;4.5;29;0.50;0.0;0.0;2.6;8.5;0.0;0.0;0.0;0.0;0.0;0.0;1.0
329;-48;48;-6570.248535;4.5;29;0.50;0.0;0.0;2.6;8.5;0.0;0.0;0.0;0.0;0.0;0.0;1.0
330;-48;48;-6572.332031;4.5;29;0.50;0.0;0.0;2.6;8.5;0.0;0.0;0.0;0.0;0.0;0.0;1.0
331;-48;48;-6576.509766;4.5;29;0.50;0.0;0.0;2.6;8.5;0.0;0.0;0.0;0.0;0.0;0.0;1.0
332;-47;47;-6578.931152;4.5;29;0.50;0.0;0.0;2.6;8.5;0.0;0.0;0.0;0.0;0.0;0.0;1.0
333;-48;48;-6574.335938;4.5;29;0.50;0.0;0.0;2.6;8.5;0.0;0.0;0.0;0.0;0.0;0.0;1.0
334;-47;47;-6578.550781;4.5;29;0.50;0.0;0.0;2.6;8.5;0.0;0.0;0.0;0.0;0.0;0.0;1.0
335;-49;49;-6565.465820;4.5;29;0.50;0.0;0.0;2.6;8.5;0.0;0.0;0.0;0.0;0.0;0.0;1.0
336;-46;46;-6571.916504;4.5;29;0.50;0.0;0.0;2.6;8.5;0.0;0.0;0.0;0.0;0.0;0.0;1.0
337;-49;49;-6561.939941;4.5;29;0.50;0.0;0.0;2.6;8.5;0.0;0.0;0.0;0.0;0.0;0.0;1.0
338;-47;47;-6569.759277;4.5;29;0.50;0.0;0.0;2.6;8.5;0.0;0.0;0.0;0.0;0.0;0.0;1.0
339;-48;48;-6561.414062;4.5;29;0.50;0.0;0.0;2.6;8.5;0.0;0.0;0.0;0.0;0.0;0.0;1.0
340;-48;48;-6566.762695;4.5;29;0.50;0.0;0.0;2.6;8.5;0.0;0.0;0.0;0.0;0.0;0.0;1.0
341;-47;47;-6553.035645;4.5;29;0.50;0.0;0.0;2.6;8.5;0.0;0.0;0.0;0.0;0.0;0.0;1.0
342;-49;49;-6551.768555;4.5;29;0.50;0.0;0.0;2.6;8.5;0.0;0.0;0.0;0.0;0.0;0.0;1.0
343;-48;48;-6546.952148;4.5;29;0.50;0.0;0.0;2.6;8.5;0.0;0.0;0.0;0.0;0.0;0.0;1.0
344;-48;48;-6558.863770;4.5;29;0.50;0.0;0.0;2.6;8.5;0.0;0.0;0.0;0.0;0.0;0.0;1.0
345;-49;49;-6556.422363;4.5;29;0.50;0.0;0.0;2.6;8.5;0.0;0.0;0.0;0.0;0.0;0.0;1.0
346;-52;52;-6565.896973;4.5;29;0.50;0.0;0.0;2.6;8.5;0.0;0.0;0.0;0.0;0.0;0.0;1.0
347;-49;49;-6563.368164;4.5;29;0.50;0.0;0.0;2.6;8.5;0.0;0.0;0.0;0.0;0.0;0.0;1.0
348;-51;51;-6566.321777;4.5;29;0.50;0.0;0.0;2.6;8.5;0.0;0.0;0.0;0.0;0.0;0.0;1.0
349;-51;51;-6567.050293;4.5;29;0.50;0.0;0.0;2.6;8.5;0.0;0.0;0.0;0.0;0.0;0.0;1.0
350;-51;51;-6562.442383;4.5;30;0.50;0.0;0.0;2.6;8.5;0.0;0.0;0.0;0.0;0.0;0.0;1.0
351;-51;51;-6550.952148;4.5;30;0.50;0.0;0.0;2.6;8.5;0.0;0.0;0.0;0.0;0.0;0.0;1.0
352;-51;51;-6545.163086;4.5;30;0.50;0.0;0.0;2.6;8.5;0.0;0.0;0.0;0.0;0.0;0.0;1.0
353;-51;51;-6552.500977;4.5;30;0.50;0.0;0.0;2.6;8.5;0.0;0.0;0.0;0.0;0.0;0.0;1.0
354;-51;51;-6557.579590;4.5;30;0.50;0.0;0.0;2.6;8.5;0.0;0.0;0.0;0.0;0.0;0.0;1.0
355;-51;51;-6558.052246;4.5;30;0.50;0.0;0.0;2.6;8.5;0.0;0.0;0.0;0.0;0.0;0.0;1.0
356;-49;49;-6553.727539;4.5;29;0.50;0.0;0.0;2.6;8.5;0.0;0.0;0.0;0.0;0.0;0.0;1.0
357;-53;53;-6556.463867;4.5;29;0.50;0.0;0.0;2.6;8.5;0.0;0.0;0.0;0.0;0.0;0.0;1.0
358;-50;50;-6553.707520;4.5;29;0.50;0.0;0.0;2.6;8.5;0.0;0.0;0.0;0.0;0.0;0.0;1.0
359;-50;50;-6553.959473;4.5;29;0.50;0.0;0.0;2.6;8.5;0.0;0.0;0.0;0.0;0.0;0.0;1.0
360;-52;52;-6550.906250;4.5;29;0.50;0.0;0.0;2.6;8.5;0.0;0.0;0.0;0.0;0.0;0.0;1.0
361;-50;50;-6555.442383;4.5;29;0.50;0.0;0.0;2.6;8.5;0.0;0.0;0.0;0.0;0.0;0.0;1.0
362;-52;52;-6544.671875;4.5;29;0.50;0.0;0.0;2.6;8.5;0.0;0.0;0.0;0.0;0.0;0.0;1.0
363;-49;49;-6550.371094;4.5;29;0.50;0.0;0.0;2.6;8.5;0.0;0.0;0.0;0.0;0.0;0.0;1.0
364;-53;53;-6549.148926;4.5;29;0.50;0.0;0.0;2.6;8.5;0.0;0.0;0.0;0.0;0.0;0.0;1.0
365;-49;49;-6549.471191;4.5;29;0.50;0.0;0.0;2.6;8.5;0.0;0.0;0.0;0.0;0.0;0.0;1.0
366;-55;55;-6544.436035;4.5;29;0.50;0.0;0.0;2.6;8.5;0.0;0.0;0.0;0.0;0.0;0.0;1.0
367;-52;52;-6543.541504;4.5;29;0.50;0.0;0.0;2.6;8.5;0.0;0.0;0.0;0.0;0.0;0.0;1.0
368;-52;52;-6542.686523;4.5;30;0.50;0.0;0.0;2.6;8.5;0.0;0.0;0.0;0.0;0.0;0.0;1.0
369;-55;55;-6540.056641;4.5;29;0.50;0.0;0.0;2.6;8.5;0.0;0.0;0.0;0.0;0.0;0.0;1.0
370;-51;51;-6540.684570;4.5;29;0.50;0.0;0.0;2.6;8.5;0.0;0.0;0.0;0.0;0.0;0.0;1.0
371;-54;54;-6529.998047;4.5;29;0.50;0.0;0.0;2.6;8.5;0.0;0.0;0.0;0.0;0.0;0.0;1.0
372;-52;52;-6536.728516;4.5;29;0.50;0.0;0.0;2.6;8.5;0.0;0.0;0.0;0.0;0.0;0.0;1.0
373;-52;52;-6534.121582;4.5;29;0.50;0.0;0.0;2.6;8.5;0.0;0.0;0.0;0.0;0.0;0.0;1.0
374;-55;55;-6534.245117;4.5;29;0.50;0.0;0.0;2.6;8.5;0.0;0.0;0.0;0.0;0.0;0.0;1.0
375;-51;51;-6531.829590;4.5;29;0.50;0.0;0.0;2.6;8.5;0.0;0.0;0.0;0.0;0.0;0.0;1.0
376;-53;53;-6527.825684;4.5;29;0.50;0.0;0.0;2.6;8.5;0.0;0.0;0.0;0.0;0.0;0.0;1.0
377;-53;53;-6532.932617;4.5;29;0.50;0.0;0.0;2.6;8.5;0.0;0.0;0.0;0.0;0.0;0.0;1.0
378;-53;53;-6540.266113;4.5;29;0.50;0.0;0.0;2.6;8.5;0.0;0.0;0.0;0.0;0.0;0.0;1.0
379;-53;53;-6542.284180;4.5;29;0.50;0.0;0.0;2.6;8.5;0.0;0.0;0.0;0.0;0.0;0.0;1.0
380;-53;53;-6541.041992;4.5;29;0.50;0.0;0.0;2.6;8.5;0.0;0.0;0.0;0.0;0.0;0.0;1.0
381;-52;52;-6533.713379;4.5;29;0.50;0.0;0.0;2.6;8.5;0.0;0.0;0.0;0.0;0.0;0.0;1.0
382;-52;52;-6525.150391;4.5;29;0.50;0.0;0.0;2.6;8.5;0.0;0.0;0.0;0.0;0.0;0.0;1.0
383;-54;54;-6533.727051;4.5;29;0.50;0.0;0.0;2.6;8.5;0.0;0.0;0.0;0.0;0.0;0.0;1.0
384;-52;52;-6528.932129;4.5;29;0.50;0.0;0.0;2.6;8.5;0.0;0.0;0.0;0.0;0.0;0.0;1.0
385;-52;52;-6536.794922;4.5;29;0.50;0.0;0.0;2.6;8.5;0.0;0.0;0.0;0.0;0.0;0.0;1.0
386;-50;50;-6522.417969;4.5;29;0.50;0.0;0.0;2.6;8.5;0.0;0.0;0.0;0.0;0.0;0.0;1.0
387;-50;50;-6537.344727;4.5;29;0.50;0.0;0.0;2.6;8.5;0.0;0.0;0.0;0.0;0.0;0.0;1.0
388;-50;50;-6541.920898;4.5;29;0.50;0.0;0.0;2.6;8.5;0.0;0.0;0.0;0.0;0.0;0.0;1.0
389;-51;51;-6544.242188;4.5;29;0.50;0.0;0.0;2.6;8.5;0.0;0.0;0.0;0.0;0.0;0.0;1.0
390;-51;51;-6539.527344;4.5;29;0.50;0.0;0.0;2.6;8.5;0.0;0.0;0.0;0.0;0.0;0.0;1.0
391;-51;51;-6526.494629;4.5;29;0.50;0.0;0.0;2.6;8.5;0.0;0.0;0.0;0.0;0.0;0.0;1.0
392;-51;51;-6527.081055;4.5;29;0.50;0.0;0.0;2.6;8.5;0.0;0.0;0.0;0.0;0.0;0.0;1.0
393;-51;51;-6537.050781;4.5;29;0.50;0.0;0.0;2.6;8.5;0.0;0.0;0.0;0.0;0.0;0.0;1.0
394;-51;51;-6541.282227;4.5;30;0.50;0.0;0.0;2.6;8.5;0.0;0.0;0.0;0.0;0.0;0.0;1.0
395;-51;51;-6538.557617;4.5;29;0.50;0.0;0.0;2.6;8.5;0.0;0.0;0.0;0.0;0.0;0.0;1.0
396;-51;51;-6534.482910;4.5;29;0.50;0.0;0.0;2.6;8.5;0.0;0.0;0.0;0.0;0.0;0.0;1.0
397;-49;49;-6532.424805;4.5;29;0.50;0.0;0.0;2.6;8.5;0.0;0.0;0.0;0.0;0.0;0.0;1.0
398;-52;52;-6544.601562;4.5;29;0.50;0.0;0.0;2.6;8.5;0.0;0.0;0.0;0.0;0.0;0.0;1.0
399;-49;49;-6548.382324;4.5;29;0.50;0.0;0.0;2.6;8.5;0.0;0.0;0.0;0.0;0.0;0.0;1.0
400;-51;51;-6551.318848;4.5;29;0.50;0.0;0.0;2.6;8.5;0.0;0.0;0.0;0.0;0.0;0.0;1.0
401;-51;51;-6549.764648;4.5;29;0.50;0.0;0.0;2.6;8.5;0.0;0.0;0.0;0.0;0.0;0.0;1.0
402;-51;51;-6541.078125;4.5;29;0.50;0.0;0.0;2.6;8.5;0.0;0.0;0.0;0.0;0.0;0.0;1.0
403;-51;51;-6534.439941;4.5;29;0.50;0.0;0.0;2.6;8.5;0.0;0.0;0.0;0.0;0.0;0.0;1.0
404;-49;49;-6526.497559;4.5;29;0.50;0.0;0.0;2.6;8.5;0.0;0.0;0.0;0.0;0.0;0.0;1.0
405;-51;51;-6533.049316;4.5;29;0.50;0.0;0.0;2.6;8.5;0.0;0.0;0.0;0.0;0.0;0.0;1.0
406;-48;48;-6532.577148;4.5;29;0.50;0.0;0.0;2.6;8.5;0.0;0.0;0.0;0.0;0.0;0.0;1.0
407;-50;50;-6540.568848;4.5;29;0.50;0.0;0.0;2.6;8.5;0.0;0.0;0.0;0.0;0.0;0.0;1.0
408;-47;47;-6532.379395;4.5;29;0.50;0.0;0.0;2.6;8.5;0.0;0.0;0.0;0.0;0.0;0.0;1.0
409;-51;51;-6535.456055;4.5;29;0.50;0.0;0.0;2.6;8.5;0.0;0.0;0.0;0.0;0.0;0.0;1.0
410;-47;47;-6530.879883;4.5;29;0.50;0.0;0.0;2.6;8.5;0.0;0.0;0.0;0.0;0.0;0.0;1.0
411;-51;51;-6529.512695;4.5;29;0.50;0.0;0.0;2.6;8.5;0.0;0.0;0.0;0.0;0.0;0.0;1.0
412;-47;47;-6531.189941;4.5;29;0.50;0.0;0.0;2.6;8.5;0.0;0.0;0.0;0.0;0.0;0.0;1.0
413;-49;49;-6532.770020;4.5;29;0.50;0.0;0.0;2.6;8.5;0.0;0.0;0.0;0.0;0.0;0.0;1.0
414;-49;49;-6531.914551;4.5;29;0.50;0.0;0.0;2.6;8.5;0.0;0.0;0.0;0.0;0.0;0.0;1.0
415;-49;49;-6529.760254;4.5;29;0.50;0.0;0.0;2.6;8.5;0.0;0.0;0.0;0.0;0.0;0.0;1.0
416;-49;49;-6526.235840;4.5;29;0.50;0.0;0.0;2.6;8.5;0.0;0.0;0.0;0.0;0.0;0.0;1.0
417;-49;49;-6523.548340;4.5;29;0.50;0.0;0.0;2.6;8.5;0.0;0.0;0.0;0.0;0.0;0.0;1.0
418;-49;49;-6523.769531;4.5;29;0.50;0.0;0.0;2.6;8.5;0.0;0.0;0.0;0.0;0.0;0.0;1.0
419;-49;49;-6526.907227;4.5;29;0.50;0.0;0.0;2.6;8.5;0.0;0.0;0.0;0.0;0.0;0.0;1.0
420;-47;47;-6520.962402;4.5;29;0.50;0.0;0.0;2.6;8.5;0.0;0.0;0.0;0.0;0.0;0.0;1.0
421;-51;51;-6520.863770;4.5;28;0.50;0.0;0.0;2.6;8.5;0.0;0.0;0.0;0.0;0.0;0.0;1.0
422;-48;48;-6518.780762;4.5;29;0.50;0.0;0.0;2.6;8.5;0.0;0.0;0.0;0.0;0.0;0.0;1.0
423;-48;48;-6513.021484;4.5;29;0.50;0.0;0.0;2.6;8.5;0.0;0.0;0.0;0.0;0.0;0.0;1.0
424;-49;49;-6508.124023;4.5;29;0.50;0.0;0.0;2.6;8.5;0.0;0.0;0.0;0.0;0.0;0.0;1.0
425;-50;50;-6519.024414;4.5;29;0.50;0.0;0.0;2.6;8.5;0.0;0.0;0.0;0.0;0.0;0.0;1.0
426;-52;52;-6513.449707;4.5;29;0.50;0.0;0.0;2.6;8.5;0.0;0.0;0.0;0.0;0.0;0.0;1.0
427;-52;52;-6503.523926;4.5;29;0.50;0.0;0.0;2.6;8.5;0.0;0.0;0.0;0.0;0.0;0.0;1.0
428;-52;52;-6504.848633;4.5;29;0.50;0.0;0.0;2.6;8.5;0.0;0.0;0.0;0.0;0.0;0.0;1.0
429;-52;52;-6513.922363;4.5;29;0.50;0.0;0.0;2.6;8.5;0.0;0.0;0.0;0.0;0.0;0.0;1.0
430;-52;52;-6524.137207;4.5;29;0.50;0.0;0.0;2.6;8.5;0.0;0.0;0.0;0.0;0.0;0.0;1.0
431;-52;52;-6526.477539;4.5;29;0.50;0.0;0.0;2.6;8.5;0.0;0.0;0.0;0.0;0.0;0.0;1.0
432;-52;52;-6521.553711;4.5;29;0.50;0.0;0.0;2.6;8.5;0.0;0.0;0.0;0.0;0.0;0.0;1.0
433;-52;52;-6515.604492;4.5;29;0.50;0.0;0.0;2.6;8.5;0.0;0.0;0.0;0.0;0.0;0.0;1.0
434;-52;52;-6523.952148;4.5;29;0.50;0.0;0.0;2.6;8.5;0.0;0.0;0.0;0.0;0.0;0.0;1.0
435;-52;52;-6532.911621;4.5;29;0.50;0.0;0.0;2.6;8.5;0.0;0.0;0.0;0.0;0.0;0.0;1.0
436;-52;52;-6535.270508;4.5;29;0.50;0.0;0.0;2.6;8.5;0.0;0.0;0.0;0.0;0.0;0.0;1.0
437;-52;52;-6535.479980;4.5;29;0.50;0.0;0.0;2.6;8.5;0.0;0.0;0.0;0.0;0.0;0.0;1.0
438;-52;52;-6532.395508;4.5;29;0.50;0.0;0.0;2.6;8.5;0.0;0.0;0.0;0.0;0.0;0.0;1.0
439;-52;52;-6525.360352;4.5;29;0.50;0.0;0.0;2.6;8.5;0.0;0.0;0.0;0.0;0.0;0.0;1.0
440;-52;52;-6524.067383;4.5;29;0.50;0.0;0.0;2.6;8.5;0.0;0.0;0.0;0.0;0.0;0.0;1.0
441;-52;52;-6525.345215;4.5;29;0.50;0.0;0.0;2.6;8.5;0.0;0.0;0.0;0.0;0.0;0.0;1.0
442;-52;52;-6526.422852;4.5;29;0.50;0.0;0.0;2.6;8.5;0.0;0.0;0.0;0.0;0.0;0.0;1.0
443;-52;52;-6522.513184;4.5;29;0.50;0.0;0.0;2.6;8.5;0.0;0.0;0.0;0.0;0.0;0.0;1.0
444;-52;52;-6519.660156;4.5;28;0.50;0.0;0.0;2.6;8.5;0.0;0.0;0.0;0.0;0.0;0.0;1.0
445;-50;50;-6525.542480;4.5;29;0.50;0.0;0.0;2.6;8.5;0.0;0.0;0.0;0.0;0.0;0.0;1.0
446;-49;49;-6527.123047;4.5;29;0.50;0.0;0.0;2.6;8.5;0.0;0.0;0.0;0.0;0.0;0.0;1.0
447;-49;49;-6525.372070;4.5;29;0.50;0.0;0.0;2.6;8.5;0.0;0.0;0.0;0.0;0.0;0.0;1.0
448;-49;49;-6523.637695;4.5;29;0.50;0.0;0.0;2.6;8.5;0.0;0.0;0.0;0.0;0.0;0.0;1.0
449;-49;49;-6520.177246;4.5;28;0.50;0.0;0.0;2.6;8.5;0.0;0.0;0.0;0.0;0.0;0.0;1.0
450;-49;49;-6524.192383;4.5;28;0.50;0.0;0.0;2.6;8.5;0.0;0.0;0.0;0.0;0.0;0.0;1.0
451;-49;49;-6512.823242;4.5;29;0.50;0.0;0.0;2.6;8.5;0.0;0.0;0.0;0.0;0.0;0.0;1.0
452;-48;48;-6520.741211;4.5;28;0.50;0.0;0.0;2.6;8.5;0.0;0.0;0.0;0.0;0.0;0.0;1.0
453;-51;51;-6512.105957;4.5;28;0.50;0.0;0.0;2.6;8.5;0.0;0.0;0.0;0.0;0.0;0.0;1.0
454;-47;47;-6517.598145;4.5;29;0.50;0.0;0.0;2.6;8.5;0.0;0.0;0.0;0.0;0.0;0.0;1.0
455;-50;50;-6508.464355;4.5;28;0.50;0.0;0.0;2.6;8.5;0.0;0.0;0.0;0.0;0.0;0.0;1.0
456;-48;48;-6505.551758;4.5;29;0.50;0.0;0.0;2.6;8.5;0.0;0.0;0.0;0.0;0.0;0.0;1.0
457;-48;48;-6505.097168;4.5;28;0.50;0.0;0.0;2.6;8.5;0.0;0.0;0.0;0.0;0.0;0.0;1.0
458;-51;51;-6506.687988;4.5;28;0.50;0.0;0.0;2.6;8.5;0.0;0.0;0.0;0.0;0.0;0.0;1.0
459;-47;47;-6503.585938;4.5;28;0.50;0.0;0.0;2.6;8.5;0.0;0.0;0.0;0.0;0.0;0.0;1.0
460;-50;50;-6504.052734;4.5;28;0.50;0.0;0.0;2.6;8.5;0.0;0.0;0.0;0.0;0.0;0.0;1.0
461;-48;48;-6495.571777;4.5;28;0.50;0.0;0.0;2.6;8.5;0.0;0.0;0.0;0.0;0.0;0.0;1.0
462;-49;49;-6503.119629;4.5;28;0.50;0.0;0.0;2.6;8.5;0.0;0.0;0.0;0.0;0.0;0.0;1.0
463;-50;50;-6500.112793;4.5;28;0.50;0.0;0.0;2.6;8.5;0.0;0.0;0.0;0.0;0.0;0.0;1.0
464;-48;48;-6510.875977;4.5;28;0.50;0.0;0.0;2.6;8.5;0.0;0.0;0.0;0.0;0.0;0.0;1.0
465;-48;48;-6509.295898;4.5;28;0.50;0.0;0.0;2.6;8.5;0.0;0.0;0.0;0.0;0.0;0.0;1.0
466;-52;52;-6509.248047;4.5;28;0.50;0.0;0.0;2.6;8.5;0.0;0.0;0.0;0.0;0.0;0.0;1.0
467;-48;48;-6507.263184;4.5;28;0.50;0.0;0.0;2.6;8.5;0.0;0.0;0.0;0.0;0.0;0.0;1.0
468;-52;52;-6513.250000;4.5;28;0.50;0.0;0.0;2.6;8.5;0.0;0.0;0.0;0.0;0.0;0.0;1.0
469;-49;49;-6503.545898;4.5;28;0.50;0.0;0.0;2.6;8.5;0.0;0.0;0.0;0.0;0.0;0.0;1.0
470;-50;50;-6487.829102;4.5;28;0.50;0.0;0.0;2.6;8.5;0.0;0.0;0.0;0.0;0.0;0.0;1.0
471;-49;49;-6495.429199;4.5;28;0.50;0.0;0.0;2.6;8.5;0.0;0.0;0.0;0.0;0.0;0.0;1.0
472;-50;50;-6497.828125;4.5;28;0.50;0.0;0.0;2.6;8.5;0.0;0.0;0.0;0.0;0.0;0.0;1.0
473;-50;50;-6505.985352;4.5;28;0.50;0.0;0.0;2.6;8.5;0.0;0.0;0.0;0.0;0.0;0.0;1.0
474;-50;50;-6510.512207;4.5;28;0.50;0.0;0.0;2.6;8.5;0.0;0.0;0.0;0.0;0.0;0.0;1.0
475;-50;50;-6512.117188;4.5;28;0.50;0.0;0.0;2.6;8.5;0.0;0.0;0.0;0.0;0.0;0.0;1.0
476;-48;48;-6506.509766;4.5;29;0.50;0.0;0.0;2.6;8.5;0.0;0.0;0.0;0.0;0.0;0.0;1.0
477;-51;51;-6509.216797;4.5;28;0.50;0.0;0.0;2.6;8.5;0.0;0.0;0.0;0.0;0.0;0.0;1.0
478;-48;48;-6504.685547;4.5;28;0.50;0.0;0.0;2.6;8.5;0.0;0.0;0.0;0.0;0.0;0.0;1.0
479;-50;50;-6501.993164;4.5;28;0.50;0.0;0.0;2.6;8.5;0.0;0.0;0.0;0.0;0.0;0.0;1.0
480;-51;51;-6498.932129;4.5;28;0.50;0.0;0.0;2.6;8.5;0.0;0.0;0.0;0.0;0.0;0.0;1.0
481;-49;49;-6490.735840;4.5;29;0.50;0.0;0.0;2.6;8.5;0.0;0.0;0.0;0.0;0.0;0.0;1.0
482;-51;51;-6497.616699;4.5;29;0.50;0.0;0.0;2.6;8.5;0.0;0.0;0.0;0.0;0.0;0.0;1.0
483;-49;49;-6494.970215;4.5;29;0.50;0.0;0.0;2.6;8.5;0.0;0.0;0.0;0.0;0.0;0.0;1.0
484;-52;52;-6493.240234;4.5;28;0.50;0.0;0.0;2.6;8.5;0.0;0.0;0.0;0.0;0.0;0.0;1.0
485;-49;49;-6498.026855;4.5;29;0.50;0.0;0.0;2.6;8.5;0.0;0.0;0.0;0.0;0.0;0.0;1.0
486;-53;53;-6496.793945;4.5;28;0.50;0.0;0.0;2.6;8.5;0.0;0.0;0.0;0.0;0.0;0.0;1.0
487;-49;49;-6494.567871;4.5;29;0.50;0.0;0.0;2.6;8.5;0.0;0.0;0.0;0.0;0.0;0.0;1.0
488;-51;51;-6481.347168;4.5;29;0.50;0.0;0.0;2.6;8.5;0.0;0.0;0.0;0.0;0.0;0.0;1.0
489;-51;51;-6487.424805;4.5;29;0.50;0.0;0.0;2.6;8.5;0.0;0.0;0.0;0.0;0.0;0.0;1.0
490;-51;51;-6498.243164;4.5;29;0.50;0.0;0.0;2.6;8.5;0.0;0.0;0.0;0.0;0.0;0.0;1.0
491;-51;51;-6503.180664;4.5;29;0.50;0.0;0.0;2.6;8.5;0.0;0.0;0.0;0.0;0.0;0.0;1.0
492;-51;51;-6504.211426;4.5;29;0.50;0.0;0.0;2.6;8.5;0.0;0.0;0.0;0.0;0.0;0.0;1.0
493;-50;50;-6504.609375;4.5;28;0.50;0.0;0.0;2.6;8.5;0.0;0.0;0.0;0.0;0.0;0.0;1.0
494;-52;52;-6498.716309;4.5;28;0.50;0.0;0.0;2.6;8.5;0.0;0.0;0.0;0.0;0.0;0.0;1.0
495;-50;50;-6500.908203;4.5;28;0.50;0.0;0.0;2.6;8.5;0.0;0.0;0.0;0.0;0.0;0.0;1.0
496;-51;51;-6487.288086;4.5;29;0.50;0.0;0.0;2.6;8.5;0.0;0.0;0.0;0.0;0.0;0.0;1.0
497;-50;50;-6493.505371;4.5;29;0.50;0.0;0.0;2.6;8.5;0.0;0.0;0.0;0.0;0.0;0.0;1.0
498;-51;51;-6491.349121;4.5;29;0.50;0.0;0.0;2.6;8.5;0.0;0.0;0.0;0.0;0.0;0.0;1.0
499;-50;50;-6499.486328;4.5;29;0.50;0.0;0.0;2.6;8.5;0.0;0.0;0.0;0.0;0.0;0.0;1.0
500;-52;52;-6492.967773;4.5;29;0.50;0.0;0.0;2.6;8.5;0.0;0.0;0.0;0.0;0.0;0.0;1.0
501;-50;50;-6499.618164;4.5;29;0.50;0.0;0.0;2.6;8.5;0.0;0.0;0.0;0.0;0.0;0.0;1.0
502;-50;50;-6493.745605;4.5;29;0.50;0.0;0.0;2.6;8.5;0.0;0.0;0.0;0.0;0.0;0.0;1.0
503;-52;52;-6492.777832;4.5;29;0.50;0.0;0.0;2.6;8.5;0.0;0.0;0.0;0.0;0.0;0.0;1.0
504;-50;50;-6486.265137;4.5;29;0.50;0.0;0.0;2.6;8.5;0.0;0.0;0.0;0.0;0.0;0.0;1.0
505;-51;51;-6494.957520;4.5;29;0.50;0.0;0.0;2.6;8.5;0.0;0.0;0.0;0.0;0.0;0.0;1.0
506;-50;50;-6487.120605;4.5;29;0.50;0.0;0.0;2.6;8.5;0.0;0.0;0.0;0.0;0.0;0.0;1.0
507;-50;50;-6495.887695;4.5;29;0.50;0.0;0.0;2.6;8.5;0.0;0.0;0.0;0.0;0.0;0.0;1.0
508;-50;50;-6491.032715;4.5;28;0.50;0.0;0.0;2.6;8.5;0.0;0.0;0.0;0.0;0.0;0.0;1.0
509;-49;49;-6494.893066;4.5;28;0.50;0.0;0.0;2.6;8.5;0.0;0.0;0.0;0.0;0.0;0.0;1.0
510;-50;50;-6481.775391;4.5;29;0.50;0.0;0.0;2.6;8.5;0.0;0.0;0.0;0.0;0.0;0.0;1.0
511;-49;49;-6489.138184;4.5;29;0.50;0.0;0.0;2.6;8.5;0.0;0.0;0.0;0.0;0.0;0.0;1.0
512;-49;49;-6481.559082;4.5;29;0.50;0.0;0.0;2.6;8.5;0.0;0.0;0.0;0.0;0.0;0.0;1.0
513;-51;51;-6475.692871;4.5;29;0.50;0.0;0.0;2.6;8.5;0.0;0.0;0.0;0.0;0.0;0.0;1.0
514;-49;49;-6485.154785;4.5;28;0.50;0.0;0.0;2.6;8.5;0.0;0.0;0.0;0.0;0.0;0.0;1.0
515;-51;51;-6475.307129;4.5;28;0.50;0.0;0.0;2.6;8.5;0.0;0.0;0.0;0.0;0.0;0.0;1.0
516;-50;50;-6479.042969;4.5;28;0.50;0.0;0.0;2.6;8.5;0.0;0.0;0.0;0.0;0.0;0.0;1.0
517;-49;49;-6472.246094;4.5;29;0.50;0.0;0.0;2.6;8.5;0.0;0.0;0.0;0.0;0.0;0.0;1.0
518;-51;51;-6477.738281;4.5;28;0.50;0.0;0.0;2.6;8.5;0.0;0.0;0.0;0.0;0.0;0.0;1.0
519;-50;50;-6472.253906;4.5;28;0.50;0.0;0.0;2.6;8.5;0.0;0.0;0.0;0.0;0.0;0.0;1.0
520;-49;49;-6482.674805;4.5;28;0.50;0.0;0.0;2.6;8.5;0.0;0.0;0.0;0.0;0.0;0.0;1.0
521;-51;51;-6475.034180;4.5;28;0.50;0.0;0.0;2.6;8.5;0.0;0.0;0.0;0.0;0.0;0.0;1.0
522;-50;50;-6485.085938;4.5;28;0.50;0.0;0.0;2.6;8.5;0.0;0.0;0.0;0.0;0.0;0.0;1.0
523;-49;49;-6483.043945;4.5;28;0.50;0.0;0.0;2.6;8.5;0.0;0.0;0.0;0.0;0.0;0.0;1.0
524;-51;51;-6495.415039;4.5;28;0.50;0.0;0.0;2.6;8.5;0.0;0.0;0.0;0.0;0.0;0.0;1.0
525;-49;49;-6492.326660;4.5;28;0.50;0.0;0.0;2.6;8.5;0.0;0.0;0.0;0.0;0.0;0.0;1.0
526;-51;51;-6484.135254;4.5;28;0.50;0.0;0.0;2.6;8.5;0.0;0.0;0.0;0.0;0.0;0.0;1.0
527;-49;49;-6493.138184;4.5;28;0.50;0.0;0.0;2.6;8.5;0.0;0.0;0.0;0.0;0.0;0.0;1.0
528;-51;51;-6486.314453;4.5;28;0.50;0.0;0.0;2.6;8.5;0.0;0.0;0.0;0.0;0.0;0.0;1.0
529;-49;49;-6495.250488;4.5;28;0.50;0.0;0.0;2.6;8.5;0.0;0.0;0.0;0.0;0.0;0.0;1.0
530;-50;50;-6490.545410;4.5;28;0.50;0.0;0.0;2.6;8.5;0.0;0.0;0.0;0.0;0.0;0.0;1.0
531;-50;50;-6486.315918;4.5;28;0.50;0.0;0.0;2.6;8.5;0.0;0.0;0.0;0.0;0.0;0.0;1.0
532;-51;51;-6491.372559;4.5;28;0.50;0.0;0.0;2.6;8.5;0.0;0.0;0.0;0.0;0.0;0.0;1.0
533;-49;49;-6485.337402;4.5;29;0.50;0.0;0.0;2.6;8.5;0.0;0.0;0.0;0.0;0.0;0.0;1.0
534;-52;52;-6482.788086;4.5;28;0.50;0.0;0.0;2.6;8.5;0.0;0.0;0.0;0.0;0.0;0.0;1.0
535;-48;48;-6482.114746;4.5;29;0.50;0.0;0.0;2.6;8.5;0.0;0.0;0.0;0.0;0.0;0.0;1.0
536;-52;52;-6475.454590;4.5;29;0.50;0.0;0.0;2.6;8.5;0.0;0.0;0.0;0.0;0.0;0.0;1.0
537;-49;49;-6476.770020;4.5;29;0.50;0.0;0.0;2.6;8.5;0.0;0.0;0.0;0.0;0.0;0.0;1.0
538;-49;49;-6474.212891;4.5;29;0.50;0.0;0.0;2.6;8.5;0.0;0.0;0.0;0.0;0.0;0.0;1.0
539;-51;51;-6467.756348;4.5;28;0.50;0.0;0.0;2.6;8.5;0.0;0.0;0.0;0.0;0.0;0.0;1.0
540;-49;49;-6475.232910;4.5;28;0.50;0.0;0.0;2.6;8.5;0.0;0.0;0.0;0.0;0.0;0.0;1.0
541;-50;50;-6472.037598;4.5;28;0.50;0.0;0.0;2.6;8.5;0.0;0.0;0.0;0.0;0.0;0.0;1.0
542;-49;49;-6485.085449;4.5;29;0.50;0.0;0.0;2.6;8.5;0.0;0.0;0.0;0.0;0.0;0.0;1.0
543;-50;50;-6484.564941;4.5;28;0.50;0.0;0.0;2.6;8.5;0.0;0.0;0.0;0.0;0.0;0.0;1.0
544;-50;50;-6485.514160;4.5;28;0.50;0.0;0.0;2.6;8.5;0.0;0.0;0.0;0.0;0.0;0.0;1.0
545;-49;49;-6484.357910;4.5;29;0.50;0.0;0.0;2.6;8.5;0.0;0.0;0.0;0.0;0.0;0.0;1.0
546;-50;50;-6478.940918;4.5;28;0.50;0.0;0.0;2.6;8.5;0.0;0.0;0.0;0.0;0.0;0.0;1.0
547;-48;48;-6473.106445;4.5;28;0.50;0.0;0.0;2.6;8.5;0.0;0.0;0.0;0.0;0.0;0.0;1.0
548;-50;50;-6479.250977;4.5;28;0.50;0.0;0.0;2.6;8.5;0.0;0.0;0.0;0.0;0.0;0.0;1.0
549;-48;48;-6474.712891;4.5;29;0.50;0.0;0.0;2.6;8.5;0.0;0.0;0.0;0.0;0.0;0.0;1.0
550;-48;48;-6472.422852;4.5;29;0.50;0.0;0.0;2.6;8.5;0.0;0.0;0.0;0.0;0.0;0.0;1.0
551;-50;50;-6462.661133;4.5;28;0.50;0.0;0.0;2.6;8.5;0.0;0.0;0.0;0.0;0.0;0.0;1.0
552;-47;47;-6470.283203;4.5;28;0.50;0.0;0.0;2.6;8.5;0.0;0.0;0.0;0.0;0.0;0.0;1.0
553;-49;49;-6468.539062;4.5;29;0.50;0.0;0.0;2.6;8.5;0.0;0.0;0.0;0.0;0.0;0.0;1.0
554;-49;49;-6464.532227;4.5;29;0.50;0.0;0.0;2.6;8.5;0.0;0.0;0.0;0.0;0.0;0.0;1.0
555;-49;49;-6459.651367;4.5;29;0.50;0.0;0.0;2.6;8.5;0.0;0.0;0.0;0.0;0.0;0.0;1.0
556;-49;49;-6464.899414;4.5;29;0.50;0.0;0.0;2.6;8.5;0.0;0.0;0.0;0.0;0.0;0.0;1.0
557;-49;49;-6470.767090;4.5;29;0.50;0.0;0.0;2.6;8.5;0.0;0.0;0.0;0.0;0.0;0.0;1.0
558;-49;49;-6471.426270;4.5;29;0.50;0.0;0.0;2.6;8.5;0.0;0.0;0.0;0.0;0.0;0.0;1.0
559;-49;49;-6467.941895;4.5;29;0.50;0.0;0.0;2.6;8.5;0.0;0.0;0.0;0.0;0.0;0.0;1.0
560;-48;48;-6462.783691;4.5;29;0.50;0.0;0.0;2.6;8.5;0.0;0.0;0.0;0.0;0.0;0.0;1.0
561;-50;50;-6471.542969;4.5;28;0.50;0.0;0.0;2.6;8.5;0.0;0.0;0.0;0.0;0.0;0.0;1.0
562;-48;48;-6463.291992;4.5;29;0.50;0.0;0.0;2.6;8.5;0.0;0.0;0.0;0.0;0.0;0.0;1.0
563;-50;50;-6466.656250;4.5;28;0.50;0.0;0.0;2.6;8.5;0.0;0.0;0.0;0.0;0.0;0.0;1.0
564;-48;48;-6470.234375;4.5;29;0.50;0.0;0.0;2.6;8.5;0.0;0.0;0.0;0.0;0.0;0.0;1.0
565;-50;50;-6477.328125;4.5;28;0.50;0.0;0.0;2.6;8.5;0.0;0.0;0.0;0.0;0.0;0.0;1.0
566;-45;45;-6478.698730;4.5;29;0.50;0.0;0.0;2.6;8.5;0.0;0.0;0.0;0.0;0.0;0.0;1.0
567;-49;49;-6471.741211;4.5;28;0.50;0.0;0.0;2.6;8.5;0.0;0.0;0.0;0.0;0.0;0.0;1.0
568;-46;46;-6477.301270;4.5;29;0.50;0.0;0.0;2.6;8.5;0.0;0.0;0.0;0.0;0.0;0.0;1.0
569;-46;46;-6477.725586;4.5;29;0.50;0.0;0.0;2.6;8.5;0.0;0.0;0.0;0.0;0.0;0.0;1.0
570;-49;49;-6476.688477;4.5;28;0.50;0.0;0.0;2.6;8.5;0.0;0.0;0.0;0.0;0.0;0.0;1.0
571;-46;46;-6479.250977;4.5;29;0.50;0.0;0.0;2.6;8.5;0.0;0.0;0.0;0.0;0.0;0.0;1.0
572;-46;46;-6473.560059;4.5;29;0.50;0.0;0.0;2.6;8.5;0.0;0.0;0.0;0.0;0.0;0.0;1.0
573;-49;49;-6471.937500;4.5;28;0.50;0.0;0.0;2.6;8.5;0.0;0.0;0.0;0.0;0.0;0.0;1.0
574;-44;44;-6471.556641;4.5;29;0.50;0.0;0.0;2.6;8.5;0.0;0.0;0.0;0.0;0.0;0.0;1.0
575;-48;48;-6474.076660;4.5;29;0.50;0.0;0.0;2.6;8.5;0.0;0.0;0.0;0.0;0.0;0.0;1.0
576;-46;46;-6461.944824;4.5;29;0.50;0.0;0.0;2.6;8.5;0.0;0.0;0.0;0.0;0.0;0.0;1.0
577;-46;46;-6456.252930;4.5;28;0.50;0.0;0.0;2.6;8.5;0.0;0.0;0.0;0.0;0.0;0.0;1.0
578;-48;48;-6467.761719;4.5;28;0.50;0.0;0.0;2.6;8.5;0.0;0.0;0.0;0.0;0.0;0.0;1.0
579;-46;46;-6464.333496;4.5;28;0.50;0.0;0.0;2.6;8.5;0.0;0.0;0.0;0.0;0.0;0.0;1.0
580;-47;47;-6464.479004;4.5;29;0.50;0.0;0.0;2.6;8.5;0.0;0.0;0.0;0.0;0.0;0.0;1.0
581;-47;47;-6468.524414;4.5;29;0.50;0.0;0.0;2.6;8.5;0.0;0.0;0.0;0.0;0.0;0.0;1.0
582;-47;47;-6467.171875;4.5;29;0.50;0.0;0.0;2.6;8.5;0.0;0.0;0.0;0.0;0.0;0.0;1.0
583;-47;47;-6464.474609;4.5;29;0.50;0.0;0.0;2.6;8.5;0.0;0.0;0.0;0.0;0.0;0.0;1.0
584;-47;47;-6464.405273;4.5;29;0.50;0.0;0.0;2.6;8.5;0.0;0.0;0.0;0.0;0.0;0.0;1.0
585;-48;48;-6462.830078;4.5;29;0.50;0.0;0.0;2.6;8.5;0.0;0.0;0.0;0.0;0.0;0.0;1.0
586;-49;49;-6460.903320;4.5;29;0.50;0.0;0.0;2.6;8.5;0.0;0.0;0.0;0.0;0.0;0.0;1.0
587;-49;49;-6463.199707;4.5;29;0.50;0.0;0.0;2.6;8.5;0.0;0.0;0.0;0.0;0.0;0.0;1.0
588;-49;49;-6462.354004;4.5;29;0.50;0.0;0.0;2.6;8.5;0.0;0.0;0.0;0.0;0.0;0.0;1.0
589;-48;48;-6460.624512;4.5;29;0.50;0.0;0.0;2.6;8.5;0.0;0.0;0.0;0.0;0.0;0.0;1.0
590;-50;50;-6452.718750;4.5;28;0.50;0.0;0.0;2.6;8.5;0.0;0.0;0.0;0.0;0.0;0.0;1.0
591;-47;47;-6455.792480;4.5;28;0.50;0.0;0.0;2.6;8.5;0.0;0.0;0.0;0.0;0.0;0.0;1.0
592;-51;51;-6448.514648;4.5;28;0.50;0.0;0.0;2.6;8.5;0.0;0.0;0.0;0.0;0.0;0.0;1.0
593;-47;47;-6459.027832;4.5;29;0.50;0.0;0.0;2.6;8.5;0.0;0.0;0.0;0.0;0.0;0.0;1.0
594;-51;51;-6460.884277;4.5;28;0.50;0.0;0.0;2.6;8.5;0.0;0.0;0.0;0.0;0.0;0.0;1.0
595;-47;47;-6460.289062;4.5;29;0.50;0.0;0.0;2.6;8.5;0.0;0.0;0.0;0.0;0.0;0.0;1.0
596;-51;51;-6457.500977;4.5;28;0.50;0.0;0.0;2.6;8.5;0.0;0.0;0.0;0.0;0.0;0.0;1.0
597;-47;47;-6467.278320;4.5;29;0.50;0.0;0.0;2.6;8.5;0.0;0.0;0.0;0.0;0.0;0.0;1.0
598;-50;50;-6461.088379;4.5;29;0.50;0.0;0.0;2.6;8.5;0.0;0.0;0.0;0.0;0.0;0.0;1.0
599;-48;48;-6467.378906;4.5;29;0.50;0.0;0.0;2.6;8.5;0.0;0.0;0.0;0.0;0.0;0.0;1.0
600;-48;48;-6463.644531;4.5;29;0.50;0.0;0.0;2.6;8.5;0.0;0.0;0.0;0.0;0.0;0.0;1.0
601;-51;51;-6462.834961;4.5;28;0.50;0.0;0.0;2.6;8.5;0.0;0.0;0.0;0.0;0.0;0.0;1.0
602;-47;47;-6461.602051;4.5;29;0.50;0.0;0.0;2.6;8.5;0.0;0.0;0.0;0.0;0.0;0.0;1.0
603;-49;49;-6457.646973;4.5;29;0.50;0.0;0.0;2.6;8.5;0.0;0.0;0.0;0.0;0.0;0.0;1.0
604;-49;49;-6455.984375;4.5;29;0.50;0.0;0.0;2.6;8.5;0.0;0.0;0.0;0.0;0.0;0.0;1.0
605;-49;49;-6454.196777;4.5;29;0.50;0.0;0.0;2.6;8.5;0.0;0.0;0.0;0.0;0.0;0.0;1.0
606;-49;49;-6458.382324;4.5;29;0.50;0.0;0.0;2.6;8.5;0.0;0.0;0.0;0.0;0.0;0.0;1.0
607;-49;49;-6458.576172;4.5;29;0.50;0.0;0.0;2.6;8.5;0.0;0.0;0.0;0.0;0.0;0.0;1.0
608;-47;47;-6448.680664;4.5;28;0.50;0.0;0.0;2.6;8.5;0.0;0.0;0.0;0.0;0.0;0.0;1.0
609;-50;50;-6452.073730;4.5;28;0.50;0.0;0.0;2.6;8.5;0.0;0.0;0.0;0.0;0.0;0.0;1.0
610;-48;48;-6457.009766;4.5;28;0.50;0.0;0.0;2.6;8.5;0.0;0.0;0.0;0.0;0.0;0.0;1.0
611;-50;50;-6462.728516;4.5;28;0.50;0.0;0.0;2.6;8.5;0.0;0.0;0.0;0.0;0.0;0.0;1.0
612;-47;47;-6452.554688;4.5;28;0.50;0.0;0.0;2.6;8.5;0.0;0.0;0.0;0.0;0.0;0.0;1.0
613;-50;50;-6462.724121;4.5;28;0.50;0.0;0.0;2.6;8.5;0.0;0.0;0.0;0.0;0.0;0.0;1.0
614;-47;47;-6464.631836;4.5;28;0.50;0.0;0.0;2.6;8.5;0.0;0.0;0.0;0.0;0.0;0.0;1.0
615;-49;49;-6467.052246;4.5;29;0.50;0.0;0.0;2.6;8.5;0.0;0.0;0.0;0.0;0.0;0.0;1.0
616;-49;49;-6466.887207;4.5;28;0.50;0.0;0.0;2.6;8.5;0.0;0.0;0.0;0.0;0.0;0.0;1.0
617;-49;49;-6465.354492;4.5;29;0.50;0.0;0.0;2.6;8.5;0.0;0.0;0.0;0.0;0.0;0.0;1.0
618;-49;49;-6462.909668;4.7;29;0.50;1440.360107;0;2.6;8.5;2.0;0.0;0.0;0.0;0.0;0.0;1.0
619;-65;65;-6454.341797;5.5;16;0.50;0.0;0.0;2.6;8.5;2.0;0.0;0.0;0.0;1.0;0.0;1.0
620;-65;65;-6454.341797;5.5;16;0.50;0.0;0.0;2.6;8.5;2.0;0.0;0.0;0.0;0.0;0.0;1.0
621;-65;65;-6454.341797;5.5;16;0.50;0.0;0.0;2.6;8.5;2.0;0.0;0.0;0.0;0.0;0.0;1.0
622;-65;65;-6454.341797;5.5;16;0.50;0.0;0.0;2.6;8.5;2.0;0.0;0.0;0.0;0.0;0.0;1.0
623;-65;65;-6454.341797;5.5;16;0.50;0.0;0.0;2.6;8.5;2.0;0.0;0.0;0.0;0.0;0.0;1.0
624;-65;65;-6454.341797;5.5;16;0.50;0.0;0.0;2.6;8.5;2.0;0.0;0.0;0.0;0.0;0.0;1.0
625;-65;65;-6454.341797;5.5;16;0.50;0.0;0.0;2.6;8.5;2.0;0.0;0.0;0.0;0.0;0.0;1.0
626;-65;65;-6454.341797;5.5;16;0.50;0.0;0.0;2.6;8.5;2.0;0.0;0.0;0.0;0.0;0.0;1.0
627;-65;65;-6454.341797;5.5;16;0.50;0.0;0.0;2.6;8.5;2.0;0.0;0.0;0.0;0.0;0.0;1.0
628;-65;65;-6454.341797;5.5;16;0.50;0.0;0.0;2.6;8.5;2.0;0.0;0.0;0.0;0.0;0.0;1.0
629;-65;65;-6454.341797;5.5;16;0.50;0.0;0.0;2.6;8.5;2.0;0.0;0.0;0.0;0.0;0.0;1.0
630;-65;65;-6454.341797;5.5;16;0.50;0.0;0.0;2.6;8.5;2.0;0.0;0.0;0.0;0.0;0.0;1.0
631;-65;65;-6454.341797;5.5;16;0.50;0.0;0.0;2.6;8.5;2.0;0.0;0.0;0.0;0.0;0.0;1.0
632;-65;65;-6454.341797;5.5;16;0.50;0.0;0.0;2.6;8.5;2.0;0.0;0.0;0.0;0.0;0.0;1.0
633;-65;65;-6454.341797;5.5;16;0.50;0.0;0.0;2.6;8.5;2.0;0.0;0.0;0.0;0.0;0.0;1.0
634;-65;65;-6454.341797;5.5;16;0.50;0.0;0.0;2.6;8.5;2.0;0.0;0.0;0.0;0.0;0.0;1.0
635;-65;65;-6454.341797;5.5;16;0.50;0.0;0.0;2.6;8.5;2.0;0.0;0.0;0.0;0.0;0.0;1.0

